sample_player,second,x_m,y_m,distance_step_m
Sample player 6,0.0,17.85,5.52,0.0
Sample player 5,0.0,16.78,-3.67,0.0
Sample player 2,0.0,17.03,14.69,0.0
Sample player 4,0.0,17.55,-13.6,0.0
Sample player 3,0.0,0.4,-8.28,0.0
Sample player 1,0.0,2.67,9.94,0.0
Sample player 6,2.0,17.79,4.78,0.74
Sample player 5,2.0,17.56,-3.62,0.78
Sample player 2,2.0,16.37,14.1,0.89
Sample player 4,2.0,17.52,-14.27,0.67
Sample player 3,2.0,-0.52,-7.85,1.02
Sample player 1,2.0,1.59,9.3,1.26
Sample player 6,4.0,16.73,3.6,1.59
Sample player 5,4.0,18.31,-5.28,1.82
Sample player 2,4.0,14.68,13.85,1.71
Sample player 4,4.0,16.94,-16.34,2.15
Sample player 3,4.0,-9.85,-2.33,10.84
Sample player 1,4.0,-6.1,9.59,7.7
Sample player 6,6.0,18.9,5.55,2.92
Sample player 5,6.0,18.54,-3.2,2.09
Sample player 2,6.0,17.47,16.13,3.6
Sample player 4,6.0,16.0,-14.8,1.8
Sample player 3,6.0,-16.42,5.24,10.02
Sample player 1,6.0,-15.67,11.56,9.77
Sample player 6,8.0,19.22,12.04,6.5
Sample player 5,8.0,17.3,3.41,6.73
Sample player 2,8.0,15.28,22.18,6.43
Sample player 4,8.0,16.48,-8.4,6.42
Sample player 3,8.0,-11.05,11.02,7.89
Sample player 1,8.0,-10.46,22.51,12.13
Sample player 5,10.0,25.49,8.05,9.41
Sample player 2,10.0,19.57,22.45,4.3
Sample player 4,10.0,23.95,-4.11,8.61
Sample player 3,10.0,-3.24,12.42,7.93
Sample player 1,10.0,-3.74,24.68,7.06
Sample player 6,12.0,26.08,16.07,7.96
Sample player 5,12.0,29.86,8.36,4.38
Sample player 2,12.0,24.33,17.25,7.05
Sample player 4,12.0,28.59,-1.29,5.43
Sample player 3,12.0,4.39,11.12,7.74
Sample player 1,12.0,-1.5,21.52,3.87
Sample player 6,14.0,25.58,14.78,1.38
Sample player 5,14.0,28.59,5.37,3.25
Sample player 2,14.0,21.99,18.01,2.46
Sample player 4,14.0,25.78,-4.62,4.36
Sample player 3,14.0,7.11,12.6,3.1
Sample player 6,20.0,25.5,11.49,3.29
Sample player 5,20.0,26.98,-8.41,13.87
Sample player 2,20.0,12.85,22.52,10.19
Sample player 4,20.0,14.58,-24.9,23.17
Sample player 6,22.0,24.98,6.64,4.88
Sample player 5,22.0,22.91,-14.14,7.03
Sample player 2,22.0,12.51,20.12,2.42
Sample player 4,22.0,10.74,-30.62,6.89
Sample player 6,24.0,23.77,2.16,4.64
Sample player 5,24.0,25.03,-19.19,5.48
Sample player 2,24.0,11.93,17.79,2.4
Sample player 4,24.0,9.15,-32.29,2.31
Sample player 3,26.0,-9.85,-14.25,31.76
Sample player 1,26.0,-16.11,-0.88,26.74
Sample player 3,28.0,-21.85,-16.37,12.19
Sample player 1,28.0,-25.22,-2.52,9.26
Sample player 3,30.0,-29.43,-21.95,9.41
Sample player 1,30.0,-32.0,-5.06,7.24
Sample player 4,32.0,-17.78,-28.95,27.14
Sample player 3,32.0,-29.16,-22.59,0.69
Sample player 1,32.0,-39.34,-2.88,7.66
Sample player 4,34.0,-22.77,-27.33,5.25
Sample player 3,34.0,-28.73,-23.16,0.71
Sample player 1,34.0,-38.42,-3.94,1.4
Sample player 3,36.0,-30.89,-19.02,4.67
Sample player 1,36.0,-42.98,-3.59,4.57
Sample player 3,38.0,-30.94,-13.95,5.07
Sample player 1,38.0,-40.28,0.22,4.67
Sample player 3,40.0,-30.99,-9.62,4.33
Sample player 1,40.0,-36.33,3.02,4.84
Sample player 3,42.0,-32.15,-6.98,2.88
Sample player 1,42.0,-33.81,4.22,2.79
Sample player 3,44.0,-32.62,-2.89,4.12
Sample player 1,44.0,-34.26,8.52,4.32
Sample player 3,46.0,-33.67,-0.19,2.9
Sample player 1,46.0,-34.69,11.15,2.66
Sample player 3,48.0,-34.43,-1.61,1.61
Sample player 1,48.0,-36.23,11.09,1.54
Sample player 3,50.0,-32.99,-0.1,2.09
Sample player 1,50.0,-38.27,16.06,5.37
Sample player 5,52.0,7.25,10.4,34.52
Sample player 2,52.0,-0.15,24.36,13.75
Sample player 4,52.0,2.18,-4.46,33.85
Sample player 6,54.0,5.41,21.37,26.57
Sample player 5,54.0,8.4,9.59,1.41
Sample player 2,54.0,1.07,24.2,1.23
Sample player 4,54.0,4.65,-2.98,2.88
Sample player 3,54.0,-20.48,3.11,12.92
Sample player 1,54.0,-24.52,13.85,13.93
Sample player 6,56.0,5.22,19.73,1.65
Sample player 5,56.0,7.48,7.58,2.21
Sample player 2,56.0,-0.56,27.19,3.41
Sample player 4,56.0,2.34,-4.95,3.04
Sample player 3,56.0,-20.5,3.73,0.62
Sample player 1,56.0,-22.52,14.83,2.23
Sample player 6,58.0,11.08,21.91,6.25
Sample player 5,58.0,9.28,6.58,2.06
Sample player 2,58.0,5.63,31.43,7.5
Sample player 4,58.0,1.18,-8.93,4.15
Sample player 3,58.0,-19.78,5.54,1.95
Sample player 1,58.0,-21.03,15.91,1.84
Sample player 6,60.0,19.56,22.54,8.5
Sample player 5,60.0,15.3,3.88,6.6
Sample player 2,60.0,12.5,31.05,6.88
Sample player 4,60.0,3.4,-13.82,5.37
Sample player 6,62.0,25.83,23.3,6.32
Sample player 5,62.0,21.83,2.27,6.73
Sample player 2,62.0,17.86,34.99,6.65
Sample player 4,62.0,9.71,-15.19,6.46
Sample player 6,68.0,32.12,29.79,9.04
Sample player 5,68.0,29.55,6.9,9.0
Sample player 2,68.0,16.82,34.29,1.25
Sample player 4,68.0,19.58,-12.8,10.16
Sample player 6,70.0,31.33,30.95,1.4
Sample player 5,70.0,29.9,9.35,2.47
Sample player 2,70.0,16.6,34.22,0.23
Sample player 4,70.0,21.46,-11.08,2.55
Sample player 6,72.0,30.51,31.16,0.85
Sample player 5,72.0,29.15,11.51,2.29
Sample player 2,72.0,15.92,34.19,0.68
Sample player 4,72.0,21.56,-9.14,1.94
Sample player 3,72.0,0.27,23.64,27.01
Sample player 6,74.0,29.05,30.11,1.8
Sample player 5,74.0,27.0,11.97,2.2
Sample player 2,74.0,15.15,32.44,1.91
Sample player 4,74.0,20.16,-6.98,2.57
Sample player 3,74.0,4.17,25.62,4.37
Sample player 1,74.0,-3.4,14.66,17.67
Sample player 6,76.0,25.49,26.51,5.06
Sample player 5,76.0,24.64,10.38,2.85
Sample player 2,76.0,12.49,29.32,4.1
Sample player 4,76.0,15.96,-7.45,4.23
Sample player 3,76.0,7.28,25.05,3.16
Sample player 1,76.0,-6.7,15.65,3.45
Sample player 6,78.0,24.18,23.68,3.12
Sample player 5,78.0,23.84,6.84,3.63
Sample player 2,78.0,14.49,30.04,2.13
Sample player 4,78.0,13.13,-11.11,4.63
Sample player 3,78.0,13.0,22.35,6.33
Sample player 1,78.0,-6.89,14.99,0.69
Sample player 6,80.0,23.34,18.13,5.61
Sample player 5,80.0,25.16,0.27,6.7
Sample player 2,80.0,15.1,27.08,3.02
Sample player 4,80.0,13.47,-17.13,6.03
Sample player 3,80.0,12.53,15.71,6.66
Sample player 6,82.0,25.72,12.41,6.2
Sample player 5,82.0,28.1,-5.42,6.4
Sample player 4,82.0,20.16,-23.59,9.3
Sample player 6,84.0,30.42,6.49,7.56
Sample player 5,84.0,33.13,-9.4,6.41
Sample player 4,84.0,30.66,-29.13,11.87
Sample player 6,86.0,34.84,1.81,6.44
Sample player 5,86.0,36.32,-12.0,4.12
Sample player 2,86.0,28.47,10.15,21.57
Sample player 4,86.0,37.11,-27.49,6.66
Sample player 3,86.0,20.09,-9.44,26.26
Sample player 6,88.0,37.25,-0.75,3.52
Sample player 5,88.0,38.48,-12.35,2.19
Sample player 2,88.0,31.9,5.48,5.79
Sample player 4,88.0,39.07,-24.27,3.77
Sample player 3,88.0,22.86,-15.85,6.98
Sample player 6,90.0,38.5,-2.75,2.36
Sample player 5,90.0,39.98,-12.98,1.63
Sample player 2,90.0,34.03,2.58,3.6
Sample player 4,90.0,39.63,-21.27,3.05
Sample player 3,90.0,26.32,-18.13,4.14
Sample player 6,94.0,40.17,-5.98,3.64
Sample player 5,94.0,40.97,-13.95,1.39
Sample player 2,94.0,36.71,-1.34,4.75
Sample player 4,94.0,40.13,-21.31,0.5
Sample player 3,94.0,31.18,-20.55,5.43
Sample player 6,98.0,39.27,-7.93,2.15
Sample player 5,98.0,39.89,-14.21,1.11
Sample player 2,98.0,37.47,-3.47,2.26
Sample player 4,98.0,40.29,-23.39,2.09
Sample player 3,98.0,31.87,-25.8,5.3
Sample player 6,100.0,37.08,-8.04,2.19
Sample player 5,100.0,36.56,-15.06,3.44
Sample player 2,100.0,36.53,-2.2,1.58
Sample player 4,100.0,36.52,-25.14,4.16
Sample player 6,102.0,36.09,-7.82,1.01
Sample player 5,102.0,36.06,-16.25,1.29
Sample player 2,102.0,36.08,-2.39,0.49
Sample player 4,102.0,35.6,-26.78,1.88
Sample player 3,102.0,28.89,-28.77,4.21
Sample player 6,106.0,38.1,-7.71,2.01
Sample player 5,106.0,40.12,-18.6,4.69
Sample player 2,106.0,37.66,-2.1,1.61
Sample player 4,106.0,39.99,-22.82,5.91
Sample player 3,106.0,26.68,-25.01,4.36
Sample player 6,108.0,39.04,-8.17,1.05
Sample player 5,108.0,39.81,-16.32,2.3
Sample player 2,108.0,38.27,-1.73,0.71
Sample player 4,108.0,40.22,-22.79,0.23
Sample player 3,108.0,31.71,-26.22,5.17
Sample player 6,110.0,37.82,-7.89,1.25
Sample player 5,110.0,38.14,-13.92,2.92
Sample player 2,110.0,37.19,-1.27,1.17
Sample player 4,110.0,37.58,-22.18,2.71
Sample player 3,110.0,32.12,-27.01,0.89
Sample player 1,110.0,19.42,-24.1,47.12
Sample player 6,112.0,31.84,-6.07,6.25
Sample player 5,112.0,31.62,-12.08,6.77
Sample player 2,112.0,31.44,0.35,5.97
Sample player 4,112.0,31.74,-21.12,5.94
Sample player 3,112.0,25.13,-27.05,6.99
Sample player 1,112.0,10.85,-27.54,9.23
Sample player 6,114.0,25.7,-2.67,7.02
Sample player 5,114.0,25.16,-10.29,6.7
Sample player 2,114.0,26.29,5.06,6.98
Sample player 3,114.0,18.46,-22.1,8.31
Sample player 1,114.0,3.81,-21.04,9.58
Sample player 6,116.0,24.9,0.92,3.68
Sample player 5,116.0,24.36,-6.04,4.32
Sample player 2,116.0,25.16,10.2,5.26
Sample player 4,116.0,25.39,-15.62,8.4
Sample player 3,116.0,14.21,-15.6,7.77
Sample player 1,116.0,8.01,-10.25,11.58
Sample player 6,118.0,26.47,6.25,5.56
Sample player 5,118.0,25.69,-2.08,4.18
Sample player 2,118.0,24.09,18.43,8.3
Sample player 4,118.0,25.74,-10.32,5.31
Sample player 3,118.0,12.62,-8.85,6.93
Sample player 1,118.0,8.54,-0.19,10.07
Sample player 6,120.0,29.12,10.92,5.37
Sample player 5,120.0,27.66,3.12,5.56
Sample player 2,120.0,15.5,27.18,12.26
Sample player 4,120.0,26.16,-6.01,4.33
Sample player 3,120.0,13.05,-1.91,6.95
Sample player 1,120.0,7.01,6.3,6.67
Sample player 6,122.0,24.8,12.15,4.49
Sample player 5,122.0,23.41,4.51,4.47
Sample player 2,122.0,13.59,27.1,1.91
Sample player 4,122.0,22.33,-3.92,4.36
Sample player 3,122.0,8.76,5.25,8.35
Sample player 1,122.0,1.43,8.27,5.92
Sample player 6,124.0,17.56,10.44,7.44
Sample player 2,124.0,16.96,22.01,6.1
Sample player 3,124.0,1.41,9.47,8.48
Sample player 1,124.0,-7.32,9.04,8.78
Sample player 2,126.0,11.42,16.67,7.69
Sample player 3,126.0,-3.6,3.21,8.02
Sample player 1,126.0,-14.78,-0.63,12.21
Sample player 3,128.0,-10.42,-0.75,7.89
Sample player 1,128.0,-18.65,-10.76,10.84
Sample player 3,130.0,-21.06,-1.73,10.69
Sample player 1,130.0,-24.01,-10.38,5.37
Sample player 3,132.0,-24.4,-3.32,3.7
Sample player 1,132.0,-26.32,-12.35,3.04
Sample player 3,134.0,-25.45,-5.4,2.33
Sample player 1,134.0,-25.71,-21.07,8.74
Sample player 6,136.0,6.73,-5.33,19.13
Sample player 2,136.0,4.04,2.1,16.33
Sample player 4,136.0,5.63,-21.67,24.37
Sample player 1,136.0,-21.44,-20.9,4.27
Sample player 6,138.0,10.89,-5.97,4.21
Sample player 5,138.0,8.82,-13.15,22.91
Sample player 2,138.0,10.18,1.72,6.15
Sample player 4,138.0,10.79,-20.4,5.31
Sample player 6,140.0,17.16,-2.6,7.12
Sample player 5,140.0,18.3,-8.52,10.55
Sample player 2,140.0,17.97,5.37,8.6
Sample player 4,140.0,18.69,-13.02,10.81
Sample player 6,142.0,25.42,3.69,10.38
Sample player 5,142.0,28.96,-0.81,13.16
Sample player 2,142.0,27.98,8.27,10.42
Sample player 4,142.0,27.87,-7.76,10.58
Sample player 6,144.0,38.45,3.48,13.03
Sample player 5,144.0,42.77,-0.13,13.83
Sample player 2,144.0,40.62,7.81,12.65
Sample player 4,144.0,39.1,-5.11,11.54
Sample player 6,146.0,46.38,0.0,8.66
Sample player 5,146.0,45.6,0.17,2.85
Sample player 2,146.0,45.7,6.46,5.26
Sample player 4,146.0,48.51,-2.88,9.67
Sample player 6,148.0,48.87,2.94,3.85
Sample player 5,148.0,46.56,1.54,1.67
Sample player 2,148.0,49.12,13.42,7.75
Sample player 4,148.0,50.32,-2.44,1.86
Sample player 6,150.0,45.37,6.37,4.9
Sample player 5,150.0,44.38,1.58,2.18
Sample player 2,150.0,47.4,18.28,5.16
Sample player 4,150.0,45.95,-4.82,4.98
Sample player 3,150.0,22.99,4.54,49.45
Sample player 6,152.0,41.52,4.7,4.2
Sample player 5,152.0,40.95,-0.03,3.79
Sample player 2,152.0,40.76,16.81,6.8
Sample player 4,152.0,41.57,-4.95,4.38
Sample player 3,152.0,26.73,7.72,4.91
Sample player 6,154.0,41.28,4.54,0.29
Sample player 5,154.0,40.38,-0.28,0.62
Sample player 2,154.0,39.99,13.96,2.95
Sample player 4,154.0,40.98,-4.81,0.61
Sample player 3,154.0,26.61,10.34,2.62
Sample player 6,156.0,39.89,6.65,2.53
Sample player 5,156.0,37.95,0.16,2.47
Sample player 2,156.0,38.97,14.52,1.16
Sample player 4,156.0,38.84,-5.06,2.15
Sample player 3,156.0,24.64,15.15,5.2
Sample player 6,158.0,37.51,8.53,3.03
Sample player 5,158.0,34.94,-0.21,3.03
Sample player 2,158.0,38.55,16.84,2.36
Sample player 4,158.0,36.15,-6.72,3.16
Sample player 3,158.0,21.43,18.53,4.66
Sample player 6,160.0,32.71,11.06,5.43
Sample player 5,160.0,31.09,0.77,3.97
Sample player 2,160.0,33.52,20.55,6.25
Sample player 3,160.0,16.39,20.52,5.42
Sample player 1,160.0,6.02,1.01,35.13
Sample player 6,162.0,30.23,13.38,3.4
Sample player 5,162.0,27.98,2.08,3.37
Sample player 2,162.0,28.31,18.85,5.48
Sample player 4,162.0,28.22,-7.9,8.02
Sample player 3,162.0,17.44,21.8,1.66
Sample player 1,162.0,6.72,1.5,0.85
Sample player 6,164.0,32.77,14.57,2.8
Sample player 5,164.0,31.2,2.74,3.29
Sample player 2,164.0,27.7,15.59,3.32
Sample player 4,164.0,29.86,-5.12,3.23
Sample player 3,164.0,18.18,19.6,2.32
Sample player 1,164.0,6.68,1.63,0.14
Sample player 6,166.0,36.47,12.62,4.18
Sample player 5,166.0,36.28,3.19,5.1
Sample player 2,166.0,35.95,17.67,8.51
Sample player 4,166.0,34.36,-3.52,4.78
Sample player 3,166.0,20.11,18.22,2.37
Sample player 6,168.0,43.22,8.17,8.08
Sample player 5,168.0,41.66,1.99,5.51
Sample player 2,168.0,47.49,19.28,11.65
Sample player 4,168.0,38.38,-2.98,4.06
Sample player 6,170.0,46.29,8.46,3.08
Sample player 5,170.0,42.44,1.57,0.89
Sample player 2,170.0,51.06,26.88,8.4
Sample player 4,170.0,40.6,-3.41,2.26
Sample player 6,172.0,44.91,9.16,1.55
Sample player 5,172.0,39.8,1.11,2.68
Sample player 2,172.0,49.88,34.09,7.31
Sample player 4,172.0,39.06,-3.58,1.55
Sample player 3,172.0,26.07,26.74,10.4
Sample player 6,174.0,40.22,9.17,4.69
Sample player 5,174.0,37.4,2.24,2.65
Sample player 2,174.0,45.46,32.3,4.77
Sample player 4,174.0,36.82,-3.98,2.28
Sample player 3,174.0,28.88,29.61,4.02
Sample player 6,176.0,35.92,9.14,4.3
Sample player 5,176.0,35.02,2.53,2.4
Sample player 2,176.0,39.47,27.72,7.54
Sample player 4,176.0,35.14,-2.89,2.0
Sample player 3,176.0,25.16,31.79,4.31
Sample player 1,176.0,11.39,14.92,14.1
Sample player 2,178.0,33.78,23.5,7.08
Sample player 3,178.0,15.24,27.95,10.64
Sample player 1,178.0,9.11,23.28,8.67
Sample player 2,180.0,28.53,19.15,6.82
Sample player 3,180.0,10.11,20.56,9.0
Sample player 1,180.0,5.17,18.94,5.86
Sample player 6,182.0,24.04,2.75,13.49
Sample player 5,182.0,23.58,-3.92,13.13
Sample player 2,182.0,25.04,14.18,6.07
Sample player 3,182.0,7.94,14.24,6.68
Sample player 1,182.0,6.05,9.51,9.47
Sample player 6,184.0,25.02,-1.31,4.18
Sample player 5,184.0,24.58,-7.34,3.56
Sample player 2,184.0,25.09,9.97,4.21
Sample player 4,184.0,24.06,-14.45,16.01
Sample player 3,184.0,8.99,8.6,5.74
Sample player 1,184.0,8.69,0.76,9.14
Sample player 6,186.0,26.05,-3.25,2.2
Sample player 5,186.0,26.03,-8.79,2.05
Sample player 2,186.0,25.68,7.06,2.97
Sample player 4,186.0,25.1,-18.05,3.75
Sample player 3,186.0,10.93,2.95,5.97
Sample player 1,186.0,6.76,-9.86,10.79
Sample player 6,188.0,21.86,-3.39,4.19
Sample player 5,188.0,22.04,-10.53,4.35
Sample player 2,188.0,21.99,5.9,3.87
Sample player 3,188.0,4.87,-3.85,9.11
Sample player 1,188.0,3.47,-19.9,10.57
Sample player 6,190.0,15.62,-2.6,6.29
Sample player 5,190.0,15.35,-10.69,6.69
Sample player 2,190.0,15.75,6.29,6.25
Sample player 4,190.0,15.5,-18.07,9.6
Sample player 3,190.0,-6.32,-10.4,12.97
Sample player 1,190.0,-1.4,-21.1,5.02
Sample player 6,192.0,11.26,-3.38,4.43
Sample player 2,192.0,11.26,4.84,4.72
Sample player 3,192.0,-6.54,-17.77,7.37
Sample player 1,192.0,-8.55,-21.69,7.17
Sample player 2,194.0,5.18,6.44,6.29
Sample player 3,194.0,-9.31,-16.33,3.12
Sample player 1,194.0,-14.93,-15.29,9.04
Sample player 3,196.0,-14.32,-11.12,7.23
Sample player 1,196.0,-17.36,-7.34,8.31
Sample player 3,198.0,-19.4,-5.89,7.29
Sample player 1,198.0,-17.98,0.51,7.87
Sample player 3,206.0,-23.34,2.28,9.07
Sample player 1,206.0,-22.87,12.73,13.16
Sample player 3,208.0,-22.66,3.57,1.46
Sample player 1,208.0,-23.28,11.77,1.04
Sample player 3,210.0,-20.24,3.69,2.42
Sample player 1,210.0,-25.76,10.96,2.61
Sample player 3,212.0,-19.8,-1.83,5.54
Sample player 1,212.0,-23.78,5.96,5.38
Sample player 3,214.0,-20.74,-4.52,2.85
Sample player 1,214.0,-21.36,4.5,2.83
Sample player 6,216.0,0.91,5.41,13.58
Sample player 5,216.0,0.56,-2.27,17.02
Sample player 2,216.0,-0.06,15.71,10.65
Sample player 4,216.0,0.53,-11.77,16.24
Sample player 3,216.0,-20.01,-2.76,1.91
Sample player 1,216.0,-21.29,6.15,1.65
Sample player 6,218.0,2.28,7.21,2.26
Sample player 5,218.0,1.1,-1.0,1.38
Sample player 2,218.0,-0.34,18.98,3.28
Sample player 4,218.0,0.94,-10.08,1.74
Sample player 3,218.0,-19.29,-0.98,1.92
Sample player 1,218.0,-21.43,10.61,4.46
Sample player 6,220.0,1.32,6.63,1.12
Sample player 5,220.0,1.16,-2.3,1.3
Sample player 2,220.0,0.15,18.1,1.01
Sample player 4,220.0,0.94,-10.67,0.59
Sample player 3,220.0,-19.04,-2.4,1.44
Sample player 1,220.0,-21.2,7.6,3.02
Sample player 6,222.0,1.85,2.87,3.8
Sample player 2,222.0,1.14,13.06,5.14
Sample player 3,222.0,-19.63,-9.69,7.31
Sample player 1,222.0,-20.76,0.44,7.17
Sample player 2,224.0,2.01,9.57,3.6
Sample player 4,224.0,0.99,-17.35,6.68
Sample player 3,224.0,-14.36,-14.96,7.45
Sample player 1,224.0,-21.29,-4.46,4.93
Sample player 4,226.0,-1.36,-23.81,6.87
Sample player 3,226.0,-21.4,-19.41,8.33
Sample player 1,226.0,-21.88,-6.75,2.36
Sample player 4,228.0,-4.89,-21.66,4.13
Sample player 3,228.0,-30.21,-20.57,8.89
Sample player 1,228.0,-29.69,-8.65,8.04
Sample player 3,230.0,-33.3,-15.89,5.61
Sample player 1,230.0,-34.95,-6.22,5.79
Sample player 2,232.0,-11.0,20.13,16.76
Sample player 3,232.0,-34.18,-10.93,5.04
Sample player 1,232.0,-32.4,1.77,8.39
Sample player 2,234.0,-5.48,22.89,6.17
Sample player 4,234.0,-2.11,-4.32,17.56
Sample player 3,234.0,-31.54,-6.54,5.12
Sample player 1,234.0,-27.61,8.47,8.24
Sample player 6,236.0,6.76,12.03,10.39
Sample player 5,236.0,7.59,4.62,9.45
Sample player 2,236.0,3.67,18.64,10.09
Sample player 4,236.0,3.39,-2.48,5.8
Sample player 1,236.0,-23.08,9.27,4.6
Sample player 6,238.0,9.2,8.07,4.65
Sample player 5,238.0,13.6,0.23,7.44
Sample player 2,238.0,9.13,13.09,7.79
Sample player 4,238.0,8.32,-6.63,6.44
Sample player 6,240.0,11.33,4.34,4.3
Sample player 5,240.0,13.44,-3.71,3.94
Sample player 2,240.0,10.48,8.98,4.33
Sample player 4,240.0,11.4,-11.67,5.91
Sample player 6,242.0,20.46,1.84,9.47
Sample player 5,242.0,21.33,-4.67,7.95
Sample player 2,242.0,18.47,6.55,8.35
Sample player 4,242.0,20.34,-14.74,9.45
Sample player 6,244.0,24.22,-0.28,4.32
Sample player 5,244.0,24.3,-5.99,3.25
Sample player 2,244.0,23.55,5.22,5.25
Sample player 4,244.0,24.15,-15.17,3.83
Sample player 6,246.0,22.89,-0.88,1.46
Sample player 5,246.0,22.52,-6.19,1.79
Sample player 2,246.0,23.92,6.91,1.73
Sample player 3,246.0,6.74,-6.68,38.28
Sample player 1,246.0,-0.18,0.81,24.41
Sample player 6,248.0,20.63,-0.95,2.26
Sample player 5,248.0,20.16,-6.9,2.46
Sample player 2,248.0,21.2,8.9,3.37
Sample player 3,248.0,7.32,-8.59,2.0
Sample player 1,248.0,1.38,-3.38,4.47
Sample player 2,250.0,19.82,9.36,1.45
Sample player 3,250.0,6.27,-9.66,1.5
Sample player 1,250.0,0.25,-3.03,1.18
Sample player 2,252.0,18.2,10.6,2.04
Sample player 3,252.0,3.1,-8.04,3.56
Sample player 1,252.0,-1.84,-1.06,2.87
Sample player 3,254.0,-0.76,-8.33,3.87
Sample player 1,254.0,-3.7,0.07,2.18
Sample player 6,256.0,12.42,7.83,12.02
Sample player 5,256.0,11.63,-2.7,9.51
Sample player 2,256.0,11.76,14.49,7.52
Sample player 3,256.0,-4.47,-6.07,4.34
Sample player 1,256.0,-5.37,3.87,4.15
Sample player 6,258.0,12.46,5.24,2.59
Sample player 5,258.0,14.09,-5.02,3.38
Sample player 2,258.0,11.1,13.08,1.56
Sample player 4,258.0,15.59,-13.09,8.81
Sample player 3,258.0,-5.46,-6.7,1.17
Sample player 1,258.0,-5.64,1.44,2.44
Sample player 6,260.0,21.47,1.25,9.85
Sample player 5,260.0,23.91,-5.18,9.82
Sample player 4,260.0,25.22,-20.4,12.09
Sample player 5,278.0,40.87,-0.89,17.49
Sample player 4,278.0,19.71,-28.43,9.74
Sample player 5,280.0,40.9,-2.14,1.25
Sample player 4,280.0,21.44,-31.32,3.37
Sample player 6,282.0,34.66,-13.15,19.53
Sample player 2,282.0,29.16,-2.43,23.81
Sample player 4,282.0,25.76,-34.1,5.14
Sample player 3,282.0,20.97,-31.62,36.33
Sample player 6,284.0,32.89,-13.74,1.87
Sample player 2,284.0,27.6,-2.22,1.57
Sample player 4,284.0,24.75,-32.91,1.56
Sample player 3,284.0,21.1,-28.23,3.39
Sample player 1,284.0,10.01,-23.28,29.26
Sample player 6,286.0,30.05,-13.34,2.87
Sample player 2,286.0,26.2,-1.63,1.52
Sample player 4,286.0,22.21,-30.56,3.46
Sample player 3,286.0,15.79,-24.53,6.47
Sample player 1,286.0,13.17,-30.35,7.74
Sample player 6,288.0,25.62,-11.49,4.8
Sample player 2,288.0,22.42,-1.61,3.78
Sample player 4,288.0,19.82,-28.44,3.19
Sample player 3,288.0,9.28,-21.55,7.16
Sample player 1,288.0,8.63,-30.37,4.54
Sample player 6,290.0,24.68,-10.76,1.19
Sample player 5,290.0,24.36,-18.19,23.05
Sample player 2,290.0,21.53,-2.63,1.35
Sample player 4,290.0,14.23,-30.79,6.06
Sample player 3,290.0,9.38,-20.44,1.11
Sample player 1,290.0,7.91,-28.49,2.01
Sample player 6,292.0,26.15,-11.81,1.81
Sample player 5,292.0,25.52,-18.61,1.23
Sample player 2,292.0,22.6,-3.74,1.54
Sample player 4,292.0,16.67,-28.47,3.37
Sample player 3,292.0,10.39,-21.07,1.19
Sample player 1,292.0,11.23,-30.24,3.75
Sample player 6,294.0,27.18,-12.31,1.14
Sample player 5,294.0,28.46,-19.68,3.13
Sample player 2,294.0,24.65,-4.89,2.35
Sample player 4,294.0,21.44,-29.37,4.85
Sample player 3,294.0,11.82,-22.2,1.82
Sample player 1,294.0,12.25,-29.11,1.52
Sample player 6,296.0,28.83,-12.29,1.65
Sample player 5,296.0,29.93,-20.89,1.9
Sample player 2,296.0,26.27,-5.11,1.63
Sample player 4,296.0,26.15,-29.37,4.71
Sample player 3,296.0,13.93,-23.67,2.57
Sample player 1,296.0,10.85,-26.12,3.3
Sample player 6,298.0,30.44,-11.87,1.66
Sample player 5,298.0,31.33,-19.84,1.75
Sample player 2,298.0,28.21,-4.65,1.99
Sample player 4,298.0,28.97,-28.46,2.96
Sample player 3,298.0,16.03,-25.05,2.51
Sample player 1,298.0,9.1,-23.63,3.04
Sample player 6,300.0,31.31,-11.54,0.93
Sample player 5,300.0,32.39,-20.86,1.47
Sample player 2,300.0,29.61,-3.49,1.82
Sample player 4,300.0,30.48,-27.98,1.58
Sample player 3,300.0,17.07,-25.49,1.13
Sample player 1,300.0,8.45,-21.67,2.06
Sample player 6,302.0,30.62,-12.23,0.98
Sample player 2,302.0,29.27,-2.82,0.75
Sample player 3,302.0,17.67,-25.58,0.61
Sample player 1,302.0,7.96,-23.17,1.58
Sample player 6,304.0,31.9,-14.13,2.29
Sample player 2,304.0,29.07,-3.61,0.81
Sample player 3,304.0,17.35,-25.67,0.33
Sample player 1,304.0,7.89,-24.24,1.07
Sample player 6,306.0,33.43,-15.04,1.78
Sample player 5,306.0,30.48,-24.79,4.37
Sample player 2,306.0,30.93,-5.28,2.5
Sample player 4,306.0,33.6,-28.21,3.13
Sample player 3,306.0,20.04,-24.87,2.81
Sample player 1,306.0,7.27,-24.82,0.85
Sample player 6,308.0,29.0,-12.95,4.9
Sample player 5,308.0,27.53,-23.03,3.44
Sample player 2,308.0,28.33,-4.43,2.74
Sample player 4,308.0,28.8,-28.15,4.8
Sample player 3,308.0,15.97,-26.16,4.27
Sample player 1,308.0,6.08,-26.17,1.8
Sample player 6,310.0,23.39,-11.14,5.89
Sample player 5,310.0,24.31,-21.5,3.57
Sample player 2,310.0,23.47,-3.17,5.02
Sample player 4,310.0,23.7,-27.79,5.11
Sample player 3,310.0,13.82,-24.55,2.69
Sample player 1,310.0,3.15,-27.46,3.2
Sample player 6,324.0,8.45,-9.89,14.99
Sample player 2,324.0,2.06,3.68,22.48
Sample player 4,324.0,0.7,-33.82,23.78
Sample player 3,324.0,-0.38,-29.74,15.12
Sample player 1,324.0,-12.17,-26.71,15.34
Sample player 6,326.0,14.25,-7.95,6.12
Sample player 2,326.0,3.54,7.82,4.4
Sample player 4,326.0,7.21,-32.09,6.74
Sample player 6,340.0,18.45,-0.7,8.38
Sample player 2,340.0,4.48,14.25,6.5
Sample player 4,340.0,6.37,-30.64,1.68
Sample player 6,342.0,23.48,2.54,5.98
Sample player 5,342.0,24.13,-21.77,0.32
Sample player 2,342.0,7.57,19.13,5.78
Sample player 4,342.0,11.34,-32.6,5.34
Sample player 6,344.0,26.01,5.85,4.17
Sample player 5,344.0,22.56,-16.26,5.73
Sample player 2,344.0,8.97,25.72,6.74
Sample player 4,344.0,13.46,-29.61,3.67
Sample player 6,346.0,22.42,5.81,3.59
Sample player 5,346.0,22.57,-12.18,4.08
Sample player 2,346.0,9.99,29.21,3.64
Sample player 4,346.0,13.22,-27.6,2.02
Sample player 6,348.0,19.48,5.91,2.94
Sample player 5,348.0,20.85,-11.87,1.75
Sample player 2,348.0,6.92,28.64,3.12
Sample player 4,348.0,12.04,-29.57,2.3
Sample player 3,348.0,-3.07,-15.32,14.67
Sample player 6,350.0,17.85,6.44,1.71
Sample player 5,350.0,17.96,-12.03,2.89
Sample player 4,350.0,8.86,-31.13,3.54
Sample player 3,350.0,-4.47,-16.77,2.02
Sample player 6,352.0,15.78,10.09,4.2
Sample player 5,352.0,16.47,-10.39,2.22
Sample player 2,352.0,0.46,30.72,6.79
Sample player 4,352.0,8.06,-28.26,2.98
Sample player 3,352.0,-6.91,-15.11,2.95
Sample player 1,352.0,-11.96,-6.53,20.18
Sample player 6,354.0,11.51,15.04,6.54
Sample player 5,354.0,14.83,-4.59,6.03
Sample player 2,354.0,-0.82,32.35,2.07
Sample player 4,354.0,6.76,-24.8,3.7
Sample player 3,354.0,-9.89,-10.61,5.4
Sample player 1,354.0,-13.32,0.43,7.09
Sample player 6,356.0,11.01,15.27,0.55
Sample player 5,356.0,17.44,-2.72,3.21
Sample player 2,356.0,-2.7,32.37,1.88
Sample player 4,356.0,6.68,-25.15,0.36
Sample player 3,356.0,-10.11,-8.95,1.67
Sample player 6,358.0,12.1,14.19,1.53
Sample player 5,358.0,17.02,-3.72,1.08
Sample player 2,358.0,-4.47,31.34,2.05
Sample player 4,358.0,4.28,-28.84,4.4
Sample player 3,358.0,-8.81,-6.49,2.78
Sample player 6,360.0,11.47,15.2,1.19
Sample player 5,360.0,14.69,-3.87,2.33
Sample player 2,360.0,-5.24,31.97,0.99
Sample player 4,360.0,7.02,-25.68,4.18
Sample player 3,360.0,-7.64,-0.91,5.7
Sample player 6,362.0,7.15,19.5,6.1
Sample player 5,362.0,11.74,-2.02,3.48
Sample player 2,362.0,-4.64,32.95,1.15
Sample player 4,362.0,6.96,-18.83,6.85
Sample player 3,362.0,-8.67,7.73,8.7
Sample player 6,364.0,5.38,24.05,4.88
Sample player 5,364.0,10.38,1.48,3.75
Sample player 2,364.0,-3.89,32.26,1.02
Sample player 4,364.0,3.88,-13.99,5.74
Sample player 3,364.0,-8.67,15.86,8.13
Sample player 6,366.0,10.86,27.23,6.34
Sample player 5,366.0,12.29,2.81,2.33
Sample player 2,366.0,-1.21,31.24,2.87
Sample player 4,366.0,4.37,-12.39,1.67
Sample player 3,366.0,-6.75,20.16,4.71
Sample player 1,366.0,-18.56,5.64,7.39
Sample player 6,368.0,16.22,25.58,5.61
Sample player 5,368.0,19.28,1.47,7.12
Sample player 2,368.0,3.99,32.62,5.38
Sample player 4,368.0,9.47,-15.91,6.2
Sample player 3,368.0,-7.14,17.49,2.7
Sample player 6,370.0,23.23,27.42,7.25
Sample player 5,370.0,27.02,-2.6,8.74
Sample player 2,370.0,7.27,31.72,3.4
Sample player 4,370.0,16.54,-20.27,8.31
Sample player 6,372.0,27.18,27.49,3.95
Sample player 5,372.0,32.22,-7.33,7.03
Sample player 4,372.0,22.42,-23.6,6.76
Sample player 6,374.0,27.92,22.42,5.12
Sample player 4,374.0,19.33,-27.42,4.91
Sample player 6,380.0,23.07,-1.19,24.1
Sample player 5,380.0,19.87,-17.95,16.29
Sample player 2,380.0,13.77,12.66,20.14
Sample player 4,380.0,15.75,-26.94,3.61
Sample player 3,380.0,3.48,-11.32,30.71
Sample player 1,380.0,-3.55,-6.5,19.3
Sample player 6,382.0,25.06,-5.4,4.66
Sample player 5,382.0,23.86,-13.18,6.22
Sample player 2,382.0,17.16,2.64,10.58
Sample player 4,382.0,22.53,-20.44,9.39
Sample player 3,382.0,8.32,-8.58,5.56
Sample player 6,384.0,26.16,-2.35,3.24
Sample player 5,384.0,28.45,-7.93,6.97
Sample player 2,384.0,20.24,-1.84,5.44
Sample player 4,384.0,28.07,-12.97,9.3
Sample player 3,384.0,10.57,-4.03,5.08
Sample player 6,386.0,24.58,-0.12,2.73
Sample player 5,386.0,26.62,-6.67,2.22
Sample player 2,386.0,19.85,2.92,4.78
Sample player 4,386.0,25.05,-12.1,3.14
Sample player 3,386.0,13.39,0.15,5.04
Sample player 2,388.0,15.02,8.98,7.75
Sample player 3,388.0,8.32,-0.7,5.14
Sample player 1,388.0,-16.39,11.88,22.42
Sample player 3,390.0,-2.16,3.09,11.14
Sample player 1,390.0,-13.17,17.37,6.36
Sample player 3,392.0,-15.37,8.26,14.19
Sample player 1,392.0,-20.18,19.59,7.35
Sample player 3,394.0,-30.38,7.7,15.02
Sample player 1,394.0,-30.26,15.79,10.77
Sample player 2,396.0,2.31,22.04,18.22
Sample player 4,396.0,2.01,-11.53,23.05
Sample player 1,396.0,-32.24,13.75,2.84
Sample player 6,398.0,12.38,18.54,22.29
Sample player 5,398.0,10.78,1.37,17.76
Sample player 2,398.0,8.54,23.64,6.43
Sample player 4,398.0,4.77,-9.48,3.44
Sample player 6,400.0,15.37,20.69,3.68
Sample player 5,400.0,13.5,5.6,5.03
Sample player 2,400.0,7.17,26.82,3.46
Sample player 4,400.0,7.57,-7.5,3.43
Sample player 6,402.0,17.07,21.14,1.76
Sample player 5,402.0,14.29,10.15,4.62
Sample player 2,402.0,7.95,29.95,3.23
Sample player 4,402.0,10.24,-5.12,3.58
Sample player 6,404.0,17.14,21.48,0.35
Sample player 5,404.0,14.84,13.14,3.04
Sample player 2,404.0,9.06,30.42,1.21
Sample player 4,404.0,11.47,-2.27,3.1
Sample player 3,404.0,-12.14,12.04,18.75
Sample player 1,404.0,-12.37,20.08,20.85
Sample player 6,406.0,17.42,21.66,0.33
Sample player 5,406.0,15.65,14.05,1.22
Sample player 2,406.0,11.11,29.6,2.21
Sample player 4,406.0,12.59,0.73,3.2
Sample player 3,406.0,-9.61,15.5,4.29
Sample player 1,406.0,-9.85,25.25,5.75
Sample player 6,410.0,18.17,23.2,1.71
Sample player 5,410.0,17.49,13.87,1.85
Sample player 2,410.0,15.4,29.1,4.32
Sample player 4,410.0,15.51,3.76,4.21
Sample player 3,410.0,-9.28,21.48,5.99
Sample player 1,410.0,-1.26,27.15,8.8
Sample player 6,412.0,18.26,24.2,1.0
Sample player 5,412.0,17.38,13.56,0.33
Sample player 2,412.0,16.83,29.25,1.44
Sample player 4,412.0,16.01,3.88,0.51
Sample player 3,412.0,-11.12,23.29,2.58
Sample player 1,412.0,0.8,26.81,2.09
Sample player 6,414.0,17.85,24.27,0.42
Sample player 5,414.0,16.35,12.86,1.25
Sample player 2,414.0,16.01,29.6,0.89
Sample player 4,414.0,15.15,3.48,0.95
Sample player 1,414.0,0.04,26.46,0.84
Sample player 6,416.0,15.02,22.95,3.12
Sample player 5,416.0,14.12,11.98,2.4
Sample player 2,416.0,13.68,29.04,2.4
Sample player 4,416.0,12.77,3.06,2.42
Sample player 3,416.0,-13.44,25.97,3.54
Sample player 1,416.0,-6.02,30.15,7.1
Sample player 6,418.0,11.27,22.06,3.85
Sample player 2,418.0,10.54,28.76,3.15
Sample player 4,418.0,7.21,1.7,5.72
Sample player 3,418.0,-15.9,27.53,2.91
Sample player 1,418.0,-12.36,31.6,6.5
Sample player 4,420.0,-5.28,-1.81,12.97
Sample player 3,420.0,-22.02,20.76,9.13
Sample player 1,420.0,-23.11,27.57,11.48
Sample player 4,422.0,-20.22,-6.88,15.78
Sample player 3,422.0,-28.09,10.51,11.91
Sample player 1,422.0,-33.16,21.12,11.94
Sample player 4,424.0,-33.47,-12.27,14.3
Sample player 3,424.0,-34.52,4.42,8.86
Sample player 1,424.0,-38.79,13.8,9.23
Sample player 4,426.0,-36.23,-13.96,3.24
Sample player 3,426.0,-36.16,1.19,3.62
Sample player 1,426.0,-39.71,10.38,3.54
Sample player 3,438.0,-36.58,-1.14,2.37
Sample player 1,438.0,-41.52,12.24,2.6
Sample player 2,440.0,-22.36,29.15,32.9
Sample player 3,440.0,-38.97,5.93,7.46
Sample player 1,440.0,-37.94,15.91,5.13
Sample player 2,442.0,-25.87,28.9,3.52
Sample player 3,442.0,-37.39,9.83,4.21
Sample player 1,442.0,-37.46,16.83,1.04
Sample player 2,444.0,-22.47,26.75,4.02
Sample player 4,444.0,-9.67,5.4,32.87
Sample player 3,444.0,-34.87,10.83,2.71
Sample player 1,444.0,-35.81,16.04,1.83
Sample player 2,446.0,-16.96,24.48,5.96
Sample player 4,446.0,-6.46,3.66,3.65
Sample player 3,446.0,-32.25,12.0,2.87
Sample player 1,446.0,-33.34,15.97,2.47
Sample player 6,448.0,6.2,15.77,8.08
Sample player 2,448.0,-9.16,22.76,7.99
Sample player 4,448.0,-0.63,0.7,6.54
Sample player 6,450.0,12.47,12.63,7.01
Sample player 5,450.0,11.93,3.16,9.09
Sample player 2,450.0,1.58,18.93,11.4
Sample player 4,450.0,7.72,-5.16,10.2
Sample player 6,452.0,20.3,5.92,10.31
Sample player 5,452.0,19.82,-1.93,9.39
Sample player 2,452.0,12.66,13.54,12.32
Sample player 4,452.0,18.12,-10.04,11.49
Sample player 6,454.0,30.24,0.52,11.31
Sample player 5,454.0,30.33,-3.85,10.68
Sample player 2,454.0,23.77,8.72,12.11
Sample player 4,454.0,25.81,-16.28,9.9
Sample player 6,456.0,38.41,3.79,8.8
Sample player 5,456.0,39.48,-3.24,9.17
Sample player 2,456.0,35.26,6.69,11.67
Sample player 4,456.0,31.73,-14.96,6.07
Sample player 6,458.0,36.95,7.31,3.81
Sample player 5,458.0,40.19,-0.28,3.04
Sample player 2,458.0,37.48,9.67,3.72
Sample player 4,458.0,35.81,-9.68,6.67
Sample player 6,460.0,34.57,8.68,2.75
Sample player 5,460.0,36.43,0.68,3.88
Sample player 2,460.0,35.82,14.99,5.57
Sample player 4,460.0,32.9,-8.23,3.25
Sample player 3,460.0,16.55,3.84,49.48
Sample player 6,462.0,33.71,10.6,2.1
Sample player 5,462.0,33.19,1.06,3.26
Sample player 2,462.0,34.31,20.85,6.05
Sample player 4,462.0,31.14,-8.43,1.77
Sample player 3,462.0,15.45,7.18,3.52
Sample player 6,464.0,30.97,11.84,3.01
Sample player 5,464.0,30.18,3.44,3.84
Sample player 2,464.0,30.02,22.12,4.47
Sample player 4,464.0,28.86,-7.44,2.49
Sample player 3,464.0,12.99,11.2,4.71
Sample player 1,464.0,11.09,22.15,44.86
Sample player 6,466.0,25.98,13.26,5.19
Sample player 5,466.0,26.44,5.58,4.31
Sample player 2,466.0,24.7,22.67,5.35
Sample player 4,466.0,25.3,-4.08,4.9
Sample player 3,466.0,8.49,14.09,5.35
Sample player 1,466.0,8.08,26.94,5.66
Sample player 6,468.0,24.39,15.24,2.54
Sample player 5,468.0,24.02,6.29,2.52
Sample player 2,468.0,22.87,25.18,3.11
Sample player 4,468.0,21.42,-2.19,4.32
Sample player 3,468.0,5.67,16.05,3.43
Sample player 1,468.0,7.5,31.24,4.34
Sample player 6,470.0,28.29,15.96,3.97
Sample player 5,470.0,26.8,7.94,3.23
Sample player 2,470.0,26.57,25.22,3.7
Sample player 4,470.0,23.75,-0.92,2.65
Sample player 3,470.0,6.64,17.71,1.92
Sample player 1,470.0,7.52,30.27,0.97
Sample player 6,472.0,31.56,14.95,3.42
Sample player 5,472.0,30.48,8.39,3.71
Sample player 2,472.0,30.3,25.61,3.75
Sample player 4,472.0,27.14,0.65,3.74
Sample player 3,472.0,9.56,17.85,2.92
Sample player 1,472.0,7.27,28.35,1.94
Sample player 6,474.0,35.83,15.31,4.29
Sample player 5,474.0,33.58,7.04,3.38
Sample player 2,474.0,33.74,26.56,3.57
Sample player 4,474.0,29.38,-0.62,2.57
Sample player 6,476.0,39.73,14.68,3.95
Sample player 5,476.0,36.62,1.1,6.67
Sample player 2,476.0,34.92,27.03,1.27
Sample player 4,476.0,30.51,-5.9,5.4
Sample player 6,478.0,43.48,10.62,5.53
Sample player 5,478.0,40.53,-6.28,8.35
Sample player 2,478.0,35.25,26.81,0.4
Sample player 4,478.0,31.55,-13.86,8.03
Sample player 6,480.0,43.43,8.25,2.37
Sample player 5,480.0,41.67,-5.12,1.63
Sample player 2,480.0,36.24,29.33,2.71
Sample player 4,480.0,31.77,-16.7,2.85
Sample player 6,482.0,42.23,10.46,2.51
Sample player 5,482.0,39.57,-3.11,2.91
Sample player 2,482.0,36.06,29.51,0.25
Sample player 4,482.0,30.75,-14.08,2.81
Sample player 3,482.0,17.91,17.07,8.39
Sample player 6,484.0,40.88,13.77,3.57
Sample player 5,484.0,37.54,-1.23,2.77
Sample player 2,484.0,35.58,28.64,0.99
Sample player 4,484.0,30.01,-11.47,2.71
Sample player 3,484.0,22.38,17.3,4.48
Sample player 6,500.0,35.74,19.22,7.49
Sample player 5,500.0,32.83,13.31,15.28
Sample player 2,500.0,36.24,26.25,2.48
Sample player 4,500.0,32.92,7.07,18.77
Sample player 3,500.0,21.52,29.37,12.1
Sample player 1,500.0,9.09,24.93,3.87
Sample player 6,502.0,33.3,18.36,2.59
Sample player 5,502.0,28.58,12.59,4.31
Sample player 2,502.0,33.17,27.19,3.21
Sample player 4,502.0,30.36,5.65,2.93
Sample player 3,502.0,18.6,29.76,2.95
Sample player 1,502.0,8.72,23.71,1.27
Sample player 6,504.0,26.25,16.12,7.4
Sample player 5,504.0,23.16,9.07,6.46
Sample player 2,504.0,27.35,23.96,6.66
Sample player 3,504.0,12.39,26.26,7.13
Sample player 1,504.0,5.91,21.77,3.41
Sample player 6,506.0,20.18,10.4,8.34
Sample player 5,506.0,18.74,2.75,7.71
Sample player 2,506.0,20.43,18.59,8.76
Sample player 4,506.0,19.75,-2.51,13.38
Sample player 3,506.0,7.07,19.53,8.58
Sample player 1,506.0,3.33,13.48,8.68
Sample player 6,508.0,15.58,5.14,6.99
Sample player 5,508.0,15.53,-2.81,6.42
Sample player 2,508.0,15.27,12.48,8.0
Sample player 4,508.0,14.9,-7.6,7.03
Sample player 3,508.0,1.71,12.41,8.91
Sample player 1,508.0,-2.15,6.13,9.17
Sample player 6,510.0,10.14,1.81,6.38
Sample player 5,510.0,10.63,-6.21,5.96
Sample player 2,510.0,10.03,8.3,6.7
Sample player 4,510.0,9.85,-12.13,6.78
Sample player 3,510.0,-1.64,4.1,8.96
Sample player 1,510.0,-10.59,-0.07,10.47
Sample player 6,512.0,7.35,0.99,2.91
Sample player 5,512.0,7.0,-5.55,3.69
Sample player 2,512.0,7.66,9.04,2.48
Sample player 4,512.0,6.47,-13.28,3.57
Sample player 3,512.0,-4.03,-1.67,6.25
Sample player 1,512.0,-14.08,-3.18,4.67
Sample player 6,514.0,10.44,2.06,3.27
Sample player 5,514.0,12.08,-4.63,5.16
Sample player 2,514.0,10.84,9.94,3.3
Sample player 4,514.0,12.29,-16.15,6.49
Sample player 3,514.0,-4.68,0.89,2.64
Sample player 1,514.0,-13.83,-3.22,0.25
Sample player 6,516.0,16.29,-0.06,6.22
Sample player 5,516.0,19.78,-8.81,8.76
Sample player 2,516.0,16.24,6.87,6.21
Sample player 4,516.0,18.75,-28.14,13.62
Sample player 6,518.0,22.92,-1.91,6.88
Sample player 5,518.0,27.34,-13.18,8.73
Sample player 2,518.0,22.02,4.52,6.24
Sample player 4,518.0,28.72,-34.81,12.0
Sample player 6,520.0,26.66,-3.6,4.1
Sample player 5,520.0,32.19,-17.62,6.58
Sample player 2,520.0,25.61,2.93,3.93
Sample player 4,520.0,28.32,-34.89,0.41
Sample player 6,522.0,27.99,-5.34,2.19
Sample player 5,522.0,34.53,-21.96,4.93
Sample player 2,522.0,26.72,1.6,1.73
Sample player 4,522.0,25.91,-34.26,2.49
Sample player 6,524.0,27.87,-7.42,2.08
Sample player 2,524.0,26.11,1.54,0.61
Sample player 4,524.0,19.13,-33.04,6.89
Sample player 3,524.0,5.54,-17.36,20.92
Sample player 6,526.0,27.33,-9.46,2.11
Sample player 2,526.0,25.07,0.52,1.46
Sample player 4,526.0,18.91,-32.22,0.85
Sample player 3,526.0,8.23,-22.08,5.43
Sample player 6,534.0,28.27,-15.68,6.29
Sample player 5,534.0,29.52,-24.79,5.75
Sample player 2,534.0,27.3,-7.47,8.3
Sample player 4,534.0,27.55,-28.56,9.38
Sample player 3,534.0,14.25,-24.26,6.4
Sample player 6,536.0,29.57,-15.07,1.44
Sample player 5,536.0,30.5,-24.74,0.98
Sample player 2,536.0,27.9,-7.46,0.6
Sample player 4,536.0,29.03,-28.41,1.49
Sample player 3,536.0,13.94,-24.49,0.39
Sample player 6,538.0,30.71,-15.54,1.23
Sample player 5,538.0,30.94,-25.26,0.68
Sample player 2,538.0,29.2,-7.69,1.32
Sample player 4,538.0,28.57,-28.07,0.57
Sample player 3,538.0,14.8,-23.73,1.15
Sample player 6,540.0,30.71,-15.68,0.14
Sample player 5,540.0,31.01,-24.64,0.62
Sample player 2,540.0,30.2,-8.01,1.05
Sample player 4,540.0,24.21,-28.21,4.36
Sample player 3,540.0,16.72,-24.55,2.09
Sample player 6,542.0,28.91,-14.98,1.93
Sample player 2,542.0,28.83,-7.12,1.63
Sample player 4,542.0,22.69,-30.44,2.7
Sample player 3,542.0,16.09,-28.03,3.54
Sample player 1,546.0,-26.44,-27.96,27.77
Sample player 3,548.0,-16.13,-18.65,33.56
Sample player 1,548.0,-38.67,-20.46,14.35
Sample player 3,550.0,-29.09,-11.04,15.03
Sample player 1,550.0,-46.34,-14.31,9.83
Sample player 3,552.0,-34.52,-7.54,6.46
Sample player 1,552.0,-47.96,-12.29,2.59
Sample player 3,554.0,-35.6,-4.38,3.34
Sample player 1,554.0,-46.68,-10.53,2.18
Sample player 2,574.0,-29.22,31.72,69.85
Sample player 3,574.0,-38.62,24.48,29.02
Sample player 1,574.0,-45.42,20.42,30.98
Sample player 2,576.0,-29.23,30.15,1.57
Sample player 4,576.0,-19.47,8.16,57.16
Sample player 3,576.0,-38.09,26.23,1.83
Sample player 1,576.0,-45.26,29.43,9.01
Sample player 6,578.0,-18.14,32.33,66.72
Sample player 2,578.0,-22.51,32.34,7.07
Sample player 4,578.0,-16.84,9.16,2.81
Sample player 3,578.0,-33.34,26.68,4.77
Sample player 1,578.0,-42.14,29.23,3.13
Sample player 6,580.0,-15.16,32.36,2.98
Sample player 2,580.0,-20.39,33.17,2.28
Sample player 4,580.0,-13.77,8.99,3.07
Sample player 3,580.0,-29.4,27.12,3.96
Sample player 1,580.0,-39.71,27.5,2.98
Sample player 2,592.0,-19.9,33.98,0.95
Sample player 4,592.0,-12.12,-4.32,13.41
Sample player 3,592.0,-26.98,24.5,3.57
Sample player 1,592.0,-30.83,16.01,14.52
Sample player 2,594.0,-20.1,34.06,0.22
Sample player 4,594.0,-11.69,-5.36,1.13
Sample player 3,594.0,-30.8,25.1,3.87
Sample player 1,594.0,-30.63,14.42,1.6
Sample player 2,596.0,-19.17,32.51,1.81
Sample player 4,596.0,-11.63,-4.3,1.06
Sample player 3,596.0,-31.24,28.23,3.16
Sample player 2,598.0,-16.64,32.73,2.54
Sample player 4,598.0,-12.33,-5.93,1.77
Sample player 3,598.0,-29.09,28.31,2.15
Sample player 1,598.0,-31.11,11.83,2.63
Sample player 6,600.0,7.31,28.38,22.82
Sample player 5,600.0,8.66,7.94,39.51
Sample player 2,600.0,-11.12,33.96,5.66
Sample player 4,600.0,-6.36,-9.47,6.94
