season,home,away,home_goals,away_goals,home_ht,away_ht,home_shots,away_shots,home_sot,away_sot,home_corners,away_corners,home_fouls,away_fouls,home_yellow,away_yellow,home_red,away_red,date,home_xg,away_xg
2026,Alaves,Getafe,3,0,0,0,18,6,8,2,5,3,16,13,4,3,0,1,2026-08-15,1.93,0.24
2026,Sevilla,Vallecano,2,1,0,1,13,6,4,3,1,2,18,18,4,4,1,0,2026-08-15,2.19,1.89
2026,Espanol,Levante,3,0,2,0,16,4,6,0,0,1,17,7,3,0,0,0,2026-08-16,1.56,0.28
2026,Santander,Villarreal,2,2,2,2,17,12,3,7,6,10,14,14,2,4,0,0,2026-08-16,1.87,0.66
2026,La Coruna,Elche,1,1,1,0,8,11,3,6,2,6,17,12,2,2,0,0,2026-08-17,0.34,1.41
2026,Ath Madrid,Malaga,2,0,0,0,15,5,6,1,6,1,17,11,2,3,0,0,2026-08-19,0.93,0.15
2026,Vallecano,Alaves,1,1,0,0,8,15,3,3,9,7,14,13,1,2,0,0,2026-08-20,0.42,2.0
2026,Betis,Sociedad,1,0,0,0,18,9,7,3,4,5,9,12,3,3,0,0,2026-08-21,1.24,1.36
2026,Ath Bilbao,Sevilla,1,3,0,1,18,7,8,4,10,3,11,16,2,5,1,0,2026-08-22,1.25,0.41
2026,Espanol,Real Madrid,1,2,1,1,8,21,3,8,0,8,19,7,5,1,0,0,2026-08-22,1.05,2.7
2026,Valencia,Celta,0,0,0,0,8,7,2,3,1,2,17,17,2,3,0,0,2026-08-22,0.58,0.66
2026,Ath Madrid,Villarreal,2,2,0,0,19,13,4,6,5,3,12,13,3,2,1,0,2026-08-23,0.78,3.6
2026,Elche,Barcelona,0,5,0,2,7,11,2,7,3,1,13,12,1,0,0,0,2026-08-23,0.7,4.38
2026,Getafe,Santander,1,0,0,0,12,6,1,3,8,6,14,17,1,3,0,0,2026-08-23,1.24,1.3
2026,Malaga,La Coruna,1,1,1,1,13,6,2,4,7,4,12,12,1,4,0,0,2026-08-24,1.97,1.11
2026,Osasuna,Levante,0,0,0,0,12,11,7,1,9,4,9,12,2,1,0,0,2026-08-24,0.67,1.31
2026,Valencia,Betis,0,1,0,0,16,15,3,3,8,2,10,11,2,1,0,0,2026-08-25,1.12,0.71
2026,Real Madrid,Sociedad,4,1,1,1,20,10,11,3,4,7,10,8,3,3,0,0,2026-08-26,3.14,0.56
2026,Barcelona,Ath Bilbao,2,0,1,0,22,5,10,0,12,5,13,6,1,2,0,0,2026-08-27,3.91,0.25
2026,Celta,Osasuna,1,2,1,0,4,13,2,5,5,3,7,16,0,1,1,0,2026-08-27,0.13,2.68
2026,Alaves,Villarreal,1,0,1,0,9,19,2,6,5,9,15,8,3,1,0,0,2026-08-28,0.81,1.4
2026,Santander,Elche,3,2,3,0,13,18,6,7,5,10,17,19,2,1,0,0,2026-08-28,1.72,1.04
2026,Levante,Betis,5,2,2,2,19,20,10,6,5,8,9,7,1,1,0,0,2026-08-29,2.76,1.92
2026,Sevilla,Ath Madrid,1,3,0,3,20,12,5,5,4,2,20,16,2,2,0,0,2026-08-29,0.89,0.93
2026,Sociedad,Espanol,2,1,1,1,17,11,10,3,7,3,19,14,2,4,0,0,2026-08-29,1.66,0.76
2026,Celta,Ath Bilbao,0,2,0,2,8,17,2,7,4,7,8,17,0,3,0,0,2026-08-30,0.57,2.64
2026,La Coruna,Valencia,3,1,2,1,11,12,4,4,5,5,14,5,2,1,1,0,2026-08-30,1.42,1.33
2026,Real Madrid,Malaga,4,0,3,0,19,14,8,1,9,6,6,9,0,2,0,0,2026-08-30,2.4,0.72
2026,Barcelona,Vallecano,5,2,2,1,26,11,9,5,9,5,4,11,0,1,0,0,2026-08-31,2.83,1.09
2026,Osasuna,Getafe,1,0,1,0,10,11,2,1,1,3,17,14,5,4,0,0,2026-08-31,1.67,0.65
2026,Sociedad,Celta,0,0,0,0,16,7,5,2,11,3,15,11,2,3,0,0,2026-09-03,0.97,0.36
2026,Betis,Real Madrid,1,0,0,0,10,20,5,8,6,10,11,13,3,5,0,0,2026-09-04,0.93,3.46
2026,Ath Bilbao,Ath Madrid,3,0,0,0,11,15,4,5,3,8,8,6,0,1,0,0,2026-09-05,1.41,1.03
2026,Vallecano,Santander,3,2,2,2,16,9,10,4,9,6,15,12,3,2,2,0,2026-09-05,1.61,0.48
2026,Villarreal,La Coruna,2,3,1,1,17,8,5,3,7,1,14,14,2,2,0,0,2026-09-05,1.2,0.83
2026,Alaves,Osasuna,5,2,2,0,12,7,7,5,4,1,14,13,1,2,0,0,2026-09-06,1.19,1.63
2026,Espanol,Sevilla,1,1,0,0,12,6,3,3,0,4,17,13,2,3,0,1,2026-09-06,1.22,0.53
2026,Malaga,Levante,0,0,0,0,10,11,3,3,6,4,15,11,4,2,0,0,2026-09-06,1.59,0.98
2026,Valencia,Barcelona,0,5,0,2,3,25,2,10,1,4,7,6,1,3,0,0,2026-09-06,0.66,4.08
2026,Elche,Sociedad,2,3,0,2,20,13,10,6,6,7,9,8,4,1,0,1,2026-09-07,2.47,0.58
2026,Getafe,Celta,1,1,1,0,10,16,2,3,3,5,8,9,4,2,1,0,2026-09-07,0.81,0.96
2026,Sevilla,Valencia,1,0,0,0,13,3,4,0,6,4,8,12,1,2,0,0,2026-09-11,0.93,0.1
2026,Ath Bilbao,Elche,1,1,0,0,19,3,3,1,7,1,11,12,3,3,0,0,2026-09-12,2.4,0.84
2026,Osasuna,Espanol,0,2,0,2,11,6,4,3,3,4,10,24,2,3,0,0,2026-09-12,1.05,1.43
2026,Real Madrid,Vallecano,4,1,3,0,24,18,11,7,11,5,9,13,0,1,0,0,2026-09-12,2.61,1.22
2026,Santander,Alaves,2,1,1,1,11,16,4,8,4,6,16,17,2,3,1,0,2026-09-12,2.02,1.98
2026,Celta,Malaga,1,1,1,0,17,12,5,2,1,5,10,10,1,1,0,0,2026-09-13,1.9,0.42
2026,Getafe,La Coruna,1,1,0,0,15,10,4,3,3,7,14,9,3,1,0,0,2026-09-13,0.77,0.86
2026,Levante,Barcelona,2,4,0,2,13,12,7,6,3,5,11,11,1,1,0,0,2026-09-13,2.42,2.59
2026,Sociedad,Ath Madrid,0,3,0,0,8,13,3,5,9,3,13,9,3,1,0,0,2026-09-13,0.27,2.05
2026,Villarreal,Betis,1,2,1,2,14,26,8,12,7,4,7,8,1,0,0,0,2026-09-14,1.9,3.52
2026,Alaves,Valencia,0,1,0,0,15,10,3,3,2,5,7,14,1,4,0,0,2026-09-15,1.05,0.65
2026,Elche,Real Madrid,2,3,0,2,11,20,3,4,2,5,21,8,4,2,0,0,2026-09-15,0.78,3.62
2026,Vallecano,Espanol,2,1,2,0,16,19,2,5,3,5,10,15,5,1,0,1,2026-09-15,1.71,1.66
2026,Ath Madrid,Osasuna,4,0,1,0,27,3,11,1,8,0,7,12,1,2,0,0,2026-09-16,3.99,0.48
2026,Barcelona,Santander,7,2,4,1,30,5,9,3,18,0,10,13,3,2,0,0,2026-09-16,6.74,1.98
2026,La Coruna,Sevilla,0,1,0,0,4,11,3,6,4,4,15,16,1,4,1,0,2026-09-16,0.14,0.73
2026,Betis,Getafe,1,0,1,0,22,8,8,2,4,3,13,24,0,0,0,0,2026-09-17,1.53,0.32
2026,Malaga,Villarreal,1,3,1,2,5,16,1,7,4,8,17,10,0,0,0,0,2026-09-17,0.63,3.33
2026,Espanol,Elche,1,3,0,2,23,9,4,6,3,3,14,9,2,2,0,1,2026-09-18,1.05,1.44
2026,Ath Bilbao,Alaves,0,0,0,0,24,2,6,0,5,1,14,13,2,0,0,0,2026-09-19,1.62,0.05
2026,Celta,Santander,5,0,2,0,13,11,9,5,3,3,13,11,2,5,0,0,2026-09-19,2.08,0.61
2026,Osasuna,Vallecano,1,1,1,0,10,19,3,2,4,4,21,13,3,2,0,0,2026-09-19,0.53,1.01
2026,Sevilla,Barcelona,1,3,1,1,7,24,3,7,1,3,10,11,1,0,0,0,2026-09-19,0.45,3.26
2026,Ath Madrid,Real Madrid,2,1,0,0,18,8,9,3,3,1,19,6,2,2,0,1,2026-09-20,2.35,0.3
2026,Getafe,Malaga,1,0,0,0,20,11,7,4,5,9,16,16,4,2,0,0,2026-09-20,0.95,0.52
2026,La Coruna,Betis,1,1,0,1,24,11,7,4,11,5,6,9,1,1,0,0,2026-09-20,2.09,0.8
2026,Valencia,Sociedad,2,3,0,1,22,21,5,6,7,5,9,12,2,1,0,1,2026-09-20,1.55,2.65
2026,Villarreal,Levante,3,1,1,1,21,6,7,1,7,1,9,10,1,1,0,0,2026-09-20,4.27,0.45
