run_date,league,club,matches_played,points,points_low,points_high,goals_for,goals_against
2026-10-08,la-liga,Alaves,7,50.529,42,59,48.332,48.67
2026-10-08,la-liga,Ath Bilbao,6,53.565,44,63,48.258,45.067
2026-10-08,la-liga,Ath Madrid,7,72.029,63,81,71.04,41.663
2026-10-08,la-liga,Barcelona,7,90.607,83,98,110.576,38.338
2026-10-08,la-liga,Betis,7,63.44,54,72,56.181,47.605
2026-10-08,la-liga,Celta,7,50.524,42,59,50.568,48.044
2026-10-08,la-liga,Elche,7,40.69,32,49,48.577,67.124
2026-10-08,la-liga,Espanol,7,41.875,33,51,44.898,58.004
2026-10-08,la-liga,Getafe,7,43.154,35,52,31.654,44.64
2026-10-08,la-liga,La Coruna,7,45.056,37,54,44.249,54.592
2026-10-08,la-liga,Levante,6,40.813,32,50,45.466,63.738
2026-10-08,la-liga,Malaga,7,35.473,27,44,34.026,58.733
2026-10-08,la-liga,Osasuna,7,45.126,36,54,42.184,58.286
2026-10-08,la-liga,Real Madrid,7,78.623,70,87,83.905,39.733
2026-10-08,la-liga,Santander,7,40.503,32,49,46.253,71.418
2026-10-08,la-liga,Sevilla,7,52.754,44,62,48.379,52.642
2026-10-08,la-liga,Sociedad,7,52.44,44,61,52.028,57.36
2026-10-08,la-liga,Valencia,7,41.513,33,50,39.181,56.641
2026-10-08,la-liga,Vallecano,7,48.323,39,57,48.74,57.153
2026-10-08,la-liga,Villarreal,7,59.915,51,69,68.552,53.594
2026-10-08,premier-league,Arsenal,5,77.7,69,87,70.748,35.246
2026-10-08,premier-league,Aston Villa,5,51.723,42,61,54.164,55.942
2026-10-08,premier-league,Bournemouth,5,48.99,40,58,54.256,55.547
2026-10-08,premier-league,Brentford,5,56.241,47,66,59.813,51.303
2026-10-08,premier-league,Brighton,5,61.214,52,71,70.095,50.322
2026-10-08,premier-league,Chelsea,5,57.528,48,67,64.614,58.954
2026-10-08,premier-league,Coventry,5,34.201,26,43,36.766,68.44
2026-10-08,premier-league,Crystal Palace,5,45.123,36,54,48.46,60.287
2026-10-08,premier-league,Everton,5,51.734,43,61,46.502,47.289
2026-10-08,premier-league,Fulham,5,43.873,35,53,47.899,56.437
2026-10-08,premier-league,Hull,5,41.552,33,50,43.452,60.708
2026-10-08,premier-league,Ipswich,5,38.289,30,47,45.016,70.974
2026-10-08,premier-league,Leeds,5,44.093,35,53,46.499,59.497
2026-10-08,premier-league,Liverpool,5,68.117,59,77,70.202,45.263
2026-10-08,premier-league,Man City,5,82.307,73,91,83.118,39.528
2026-10-08,premier-league,Man United,5,55.871,46,65,62.28,54.093
2026-10-08,premier-league,Newcastle,5,57.243,48,67,62.803,57.182
2026-10-08,premier-league,Nott'm Forest,5,47.568,38,57,46.911,52.253
2026-10-08,premier-league,Sunderland,5,37.043,28,46,43.336,67.208
2026-10-08,premier-league,Tottenham,5,45.016,36,54,49.856,60.32
