match_id,date,competition,club,opponent,player_id,player,role,position,minutes,started,result,goals,assists,xg,xa,shots,passes,completed_passes,progressive_passes,final_third_entries,pressures,recoveries,interceptions,tackles,carries,progressive_carries,risk_passes,reward_passes
3895052,2023-08-19,Bundesliga,Bayer Leverkusen,RB Leipzig,3500,Granit Xhaka,MID,Left Defensive Midfield,95.82,1,W,0.0,0.0,0.0207,0,1.0,48.0,41.0,7.0,4.0,9.0,7.0,1.0,1.0,43.0,0.0,6.0,7.0
3895052,2023-08-19,Bundesliga,Bayer Leverkusen,RB Leipzig,8221,Jonathan Tah,DEF,Center Back,95.82,1,W,1.0,0.0,0.1577,0,1.0,52.0,50.0,11.0,3.0,6.0,3.0,1.0,2.0,39.0,0.0,4.0,11.0
3895052,2023-08-19,Bundesliga,Bayer Leverkusen,RB Leipzig,8403,Nadiem Amiri,FWD,Left Center Forward,7.3,0,W,0,0.0,0,0,0,5.0,3.0,1.0,0.0,2.0,0,0,0,3.0,1.0,0.0,1.0
3895052,2023-08-19,Bundesliga,Bayer Leverkusen,RB Leipzig,8667,Lukáš Hrádecký,GK,Goalkeeper,95.82,1,W,0,0.0,0,0,0,26.0,18.0,6.0,1.0,0,2.0,0,0,12.0,0.0,0.0,6.0
3895052,2023-08-19,Bundesliga,Bayer Leverkusen,RB Leipzig,8804,Jonas Hofmann,FWD,Right Wing,88.28,1,W,0.0,1.0,0.0387,0.6381,1.0,40.0,31.0,2.0,0.0,22.0,3.0,2.0,5.0,27.0,4.0,1.0,5.0
3895052,2023-08-19,Bundesliga,Bayer Leverkusen,RB Leipzig,9195,Robert Andrich,FWD,Left Wing,21.25,0,W,0,0.0,0,0,0,4.0,4.0,1.0,2.0,6.0,0,0,0,1.0,0.0,1.0,1.0
3895052,2023-08-19,Bundesliga,Bayer Leverkusen,RB Leipzig,10336,Alejandro Grimaldo García,DEF,Left Wing Back,95.82,1,W,0.0,0.0,0.1271,0,1.0,41.0,30.0,2.0,2.0,10.0,5.0,0,1.0,28.0,3.0,4.0,2.0
3895052,2023-08-19,Bundesliga,Bayer Leverkusen,RB Leipzig,27133,Odilon Kossonou,DEF,Right Center Back,95.82,1,W,0,0.0,0,0,0,52.0,43.0,5.0,4.0,14.0,8.0,0,1.0,37.0,3.0,3.0,5.0
3895052,2023-08-19,Bundesliga,Bayer Leverkusen,RB Leipzig,28239,Adam Hložek,FWD,Right Center Forward,7.53,0,W,0,0.0,0,0,0,4.0,3.0,0.0,0.0,3.0,0,1.0,1.0,4.0,0.0,0.0,0.0
3895052,2023-08-19,Bundesliga,Bayer Leverkusen,RB Leipzig,28268,Exequiel Alejandro Palacios,MID,Right Defensive Midfield,95.82,1,W,0,0.0,0,0.0243,0,66.0,57.0,6.0,3.0,17.0,3.0,1.0,4.0,52.0,1.0,2.0,7.0
3895052,2023-08-19,Bundesliga,Bayer Leverkusen,RB Leipzig,30606,Edmond Fayçal Tapsoba,DEF,Left Center Back,95.82,1,W,0,0.0,0,0.0387,0,59.0,51.0,11.0,7.0,5.0,3.0,1.0,0,49.0,5.0,6.0,11.0
3895052,2023-08-19,Bundesliga,Bayer Leverkusen,RB Leipzig,32289,Victor Okoh Boniface,FWD,Center Forward,88.52,1,W,0.0,1.0,0.2137,0.4915,3.0,20.0,14.0,3.0,1.0,5.0,6.0,1.0,0,28.0,4.0,3.0,4.0
3895052,2023-08-19,Bundesliga,Bayer Leverkusen,RB Leipzig,32712,Jeremie Frimpong,DEF,Right Wing Back,77.42,1,W,1.0,1.0,0.4915,0.1444,1.0,27.0,21.0,1.0,3.0,10.0,1.0,3.0,1.0,20.0,6.0,1.0,2.0
3895052,2023-08-19,Bundesliga,Bayer Leverkusen,RB Leipzig,40724,Florian Wirtz,FWD,Left Wing,74.57,1,W,1.0,0.0,0.4496,0,2.0,30.0,24.0,0.0,1.0,13.0,0,0,0,23.0,4.0,1.0,0.0
3895052,2023-08-19,Bundesliga,Bayer Leverkusen,RB Leipzig,196651,Arthur Augusto de Matos Soares,DEF,Right Wing Back,18.4,0,W,0.0,0.0,0.0243,0,1.0,7.0,6.0,1.0,1.0,0,1.0,0,1.0,8.0,2.0,1.0,1.0
3895060,2023-08-26,Bundesliga,Bayer Leverkusen,Borussia Mönchengladbach,3500,Granit Xhaka,MID,Left Defensive Midfield,93.33,1,W,0.0,0.0,0.0443,0,1.0,121.0,114.0,18.0,18.0,6.0,3.0,2.0,1.0,107.0,1.0,12.0,18.0
3895060,2023-08-26,Bundesliga,Bayer Leverkusen,Borussia Mönchengladbach,8221,Jonathan Tah,DEF,Center Back,93.33,1,W,1.0,0.0,0.1664,0,1.0,57.0,55.0,7.0,3.0,9.0,4.0,0,2.0,49.0,2.0,0.0,7.0
3895060,2023-08-26,Bundesliga,Bayer Leverkusen,Borussia Mönchengladbach,8667,Lukáš Hrádecký,GK,Goalkeeper,93.33,1,W,0,0.0,0,0,0,32.0,24.0,2.0,0.0,0,2.0,0,0,22.0,0.0,0.0,2.0
3895060,2023-08-26,Bundesliga,Bayer Leverkusen,Borussia Mönchengladbach,8804,Jonas Hofmann,FWD,Right Wing,80.93,1,W,0.0,1.0,0.58,0.2456,5.0,68.0,60.0,5.0,5.0,9.0,3.0,1.0,1.0,65.0,3.0,5.0,8.0
3895060,2023-08-26,Bundesliga,Bayer Leverkusen,Borussia Mönchengladbach,9195,Robert Andrich,MID,Right Defensive Midfield,24.2,0,W,0,0.0,0,0,0,25.0,22.0,1.0,1.0,6.0,1.0,0,0,23.0,0.0,1.0,1.0
3895060,2023-08-26,Bundesliga,Bayer Leverkusen,Borussia Mönchengladbach,10336,Alejandro Grimaldo García,DEF,Left Wing Back,93.33,1,W,0.0,1.0,0.1009,0.2614,1.0,62.0,51.0,2.0,3.0,5.0,5.0,0,1.0,47.0,3.0,1.0,4.0
3895060,2023-08-26,Bundesliga,Bayer Leverkusen,Borussia Mönchengladbach,27133,Odilon Kossonou,DEF,Right Center Back,80.88,1,W,0,0.0,0,0.0374,0,52.0,47.0,6.0,1.0,8.0,2.0,2.0,2.0,45.0,3.0,4.0,7.0
3895060,2023-08-26,Bundesliga,Bayer Leverkusen,Borussia Mönchengladbach,28239,Adam Hložek,FWD,Right Wing,12.4,0,W,0.0,0.0,0.3165,0,1.0,2.0,2.0,0.0,0.0,4.0,0,0,0,1.0,0.0,0.0,0.0
3895060,2023-08-26,Bundesliga,Bayer Leverkusen,Borussia Mönchengladbach,28268,Exequiel Alejandro Palacios,MID,Right Defensive Midfield,69.13,1,W,0.0,0.0,0.0361,0,2.0,73.0,69.0,7.0,4.0,6.0,4.0,3.0,3.0,67.0,1.0,2.0,7.0
3895060,2023-08-26,Bundesliga,Bayer Leverkusen,Borussia Mönchengladbach,30606,Edmond Fayçal Tapsoba,DEF,Left Center Back,93.33,1,W,0,0.0,0,0,0,90.0,80.0,10.0,4.0,8.0,9.0,2.0,2.0,70.0,6.0,3.0,10.0
3895060,2023-08-26,Bundesliga,Bayer Leverkusen,Borussia Mönchengladbach,32289,Victor Okoh Boniface,FWD,Center Forward,88.02,1,W,2.0,0.0,1.4034,0,11.0,28.0,23.0,2.0,0.0,3.0,5.0,0,0,43.0,3.0,1.0,2.0
3895060,2023-08-26,Bundesliga,Bayer Leverkusen,Borussia Mönchengladbach,32712,Jeremie Frimpong,DEF,Right Wing Back,68.95,1,W,0.0,0.0,0.0374,0.4254,1.0,27.0,23.0,0.0,2.0,8.0,2.0,0,1.0,28.0,4.0,0.0,4.0
3895060,2023-08-26,Bundesliga,Bayer Leverkusen,Borussia Mönchengladbach,40724,Florian Wirtz,FWD,Left Wing,93.33,1,W,0.0,1.0,0.0349,1.2755,1.0,75.0,60.0,10.0,4.0,12.0,6.0,0,1.0,83.0,8.0,8.0,17.0
3895060,2023-08-26,Bundesliga,Bayer Leverkusen,Borussia Mönchengladbach,49337,Josip Stanišić,DEF,Right Center Back,12.45,0,W,0,0.0,0,0,0,8.0,8.0,0.0,0.0,2.0,1.0,0,0,5.0,0.0,0.0,0.0
3895060,2023-08-26,Bundesliga,Bayer Leverkusen,Borussia Mönchengladbach,196651,Arthur Augusto de Matos Soares,DEF,Right Wing Back,24.38,0,W,0,0.0,0,0,0,15.0,14.0,1.0,0.0,2.0,4.0,0,1.0,14.0,3.0,1.0,1.0
3895060,2023-08-26,Bundesliga,Bayer Leverkusen,Borussia Mönchengladbach,261630,Gustavo Adolfo Puerta Molano,FWD,Center Forward,5.32,0,W,0,0.0,0,0,0,2.0,2.0,0.0,0.0,2.0,0,0,0,2.0,0.0,0.0,0.0
3895067,2023-09-02,Bundesliga,Bayer Leverkusen,Darmstadt 98,3500,Granit Xhaka,MID,Left Defensive Midfield,79.73,1,W,0.0,0.0,0.0405,0.2144,1.0,118.0,109.0,18.0,16.0,12.0,5.0,0,1.0,106.0,6.0,9.0,20.0
3895067,2023-09-02,Bundesliga,Bayer Leverkusen,Darmstadt 98,8221,Jonathan Tah,DEF,Center Back,71.02,1,W,0,0.0,0,0,0,68.0,63.0,5.0,6.0,3.0,8.0,1.0,0,52.0,3.0,2.0,5.0
3895067,2023-09-02,Bundesliga,Bayer Leverkusen,Darmstadt 98,8667,Lukáš Hrádecký,GK,Goalkeeper,94.03,1,W,0,0.0,0,0,0,21.0,20.0,0.0,0.0,0,5.0,0,0,15.0,0.0,0.0,0.0
3895067,2023-09-02,Bundesliga,Bayer Leverkusen,Darmstadt 98,8804,Jonas Hofmann,FWD,Right Wing,94.03,1,W,1.0,0.0,0.5716,0.477,4.0,66.0,56.0,5.0,3.0,12.0,4.0,0,0,57.0,3.0,3.0,8.0
3895067,2023-09-02,Bundesliga,Bayer Leverkusen,Darmstadt 98,9195,Robert Andrich,MID,Left Defensive Midfield,28.17,0,W,0,0.0,0,0,0,36.0,34.0,7.0,5.0,1.0,2.0,0,0,29.0,1.0,5.0,7.0
3895067,2023-09-02,Bundesliga,Bayer Leverkusen,Darmstadt 98,10336,Alejandro Grimaldo García,DEF,Left Wing Back,94.03,1,W,0.0,0.0,0.3035,0,4.0,58.0,47.0,2.0,6.0,7.0,6.0,1.0,3.0,45.0,0.0,3.0,2.0
3895067,2023-09-02,Bundesliga,Bayer Leverkusen,Darmstadt 98,27133,Odilon Kossonou,DEF,Right Center Back,94.03,1,W,0,0.0,0,0,0,83.0,76.0,7.0,7.0,5.0,7.0,1.0,1.0,72.0,7.0,3.0,7.0
3895067,2023-09-02,Bundesliga,Bayer Leverkusen,Darmstadt 98,28239,Adam Hložek,MID,Right Defensive Midfield,14.3,0,W,1.0,0.0,0.5853,0.0603,1.0,10.0,9.0,0.0,0.0,1.0,1.0,0,0,10.0,1.0,0.0,1.0
3895067,2023-09-02,Bundesliga,Bayer Leverkusen,Darmstadt 98,28268,Exequiel Alejandro Palacios,MID,Right Defensive Midfield,65.87,1,W,1.0,0.0,0.0697,0.2219,1.0,81.0,75.0,5.0,7.0,11.0,3.0,2.0,0,73.0,1.0,2.0,8.0
3895067,2023-09-02,Bundesliga,Bayer Leverkusen,Darmstadt 98,30606,Edmond Fayçal Tapsoba,DEF,Left Center Back,94.03,1,W,0.0,0.0,0.0721,0,1.0,108.0,101.0,27.0,17.0,6.0,11.0,1.0,0,103.0,4.0,6.0,27.0
3895067,2023-09-02,Bundesliga,Bayer Leverkusen,Darmstadt 98,32289,Victor Okoh Boniface,FWD,Center Forward,94.03,1,W,2.0,1.0,1.0901,0.1032,7.0,30.0,27.0,2.0,0.0,7.0,1.0,0,0,44.0,4.0,2.0,4.0
3895067,2023-09-02,Bundesliga,Bayer Leverkusen,Darmstadt 98,32712,Jeremie Frimpong,DEF,Right Wing Back,70.97,1,W,0.0,2.0,0.1701,0.3399,2.0,28.0,23.0,1.0,1.0,4.0,5.0,0,0,28.0,5.0,0.0,2.0
3895067,2023-09-02,Bundesliga,Bayer Leverkusen,Darmstadt 98,40724,Florian Wirtz,FWD,Left Wing,79.38,1,W,0.0,1.0,0.0906,0.6616,2.0,64.0,52.0,7.0,3.0,11.0,1.0,0,0,72.0,6.0,5.0,8.0
3895067,2023-09-02,Bundesliga,Bayer Leverkusen,Darmstadt 98,41411,Nathan Tella,DEF,Right Wing Back,23.07,0,W,0.0,0.0,0.2644,0,1.0,10.0,10.0,3.0,2.0,2.0,1.0,0,0,13.0,0.0,0.0,3.0
3895067,2023-09-02,Bundesliga,Bayer Leverkusen,Darmstadt 98,49337,Josip Stanišić,DEF,Center Back,23.02,0,W,0,0.0,0,0.0737,0,22.0,20.0,2.0,1.0,0,5.0,2.0,0,20.0,2.0,1.0,3.0
3895067,2023-09-02,Bundesliga,Bayer Leverkusen,Darmstadt 98,114833,Noah Mbamba,FWD,Left Wing,14.65,0,W,0.0,1.0,0.0467,0.5853,1.0,17.0,17.0,3.0,3.0,4.0,1.0,0,2.0,20.0,0.0,3.0,4.0
3895074,2023-09-15,Bundesliga,Bayer Leverkusen,Bayern Munich,3500,Granit Xhaka,MID,Left Defensive Midfield,98.4,1,D,0.0,0.0,0.0061,0,1.0,79.0,71.0,16.0,10.0,15.0,4.0,4.0,2.0,68.0,3.0,5.0,16.0
3895074,2023-09-15,Bundesliga,Bayer Leverkusen,Bayern Munich,8221,Jonathan Tah,DEF,Center Back,98.4,1,D,0,0.0,0,0,0,57.0,57.0,4.0,1.0,8.0,5.0,0,1.0,47.0,3.0,1.0,4.0
3895074,2023-09-15,Bundesliga,Bayer Leverkusen,Bayern Munich,8403,Nadiem Amiri,MID,Center Attacking Midfield,3.32,0,D,0,0,0,0,0,0,0,0,0,2.0,0,0,1.0,1.0,0.0,0,0
3895074,2023-09-15,Bundesliga,Bayer Leverkusen,Bayern Munich,8667,Lukáš Hrádecký,GK,Goalkeeper,98.4,1,D,0,0.0,0,0,0,27.0,22.0,1.0,0.0,0,5.0,0,0,12.0,0.0,0.0,1.0
3895074,2023-09-15,Bundesliga,Bayer Leverkusen,Bayern Munich,8804,Jonas Hofmann,FWD,Right Wing,94.85,1,D,0,0.0,0,0.0246,0,65.0,54.0,4.0,1.0,17.0,8.0,2.0,1.0,56.0,3.0,3.0,5.0
3895074,2023-09-15,Bundesliga,Bayer Leverkusen,Bayern Munich,9195,Robert Andrich,MID,Right Defensive Midfield,45.0,1,D,0,0.0,0,0,0,32.0,25.0,4.0,3.0,3.0,0,1.0,0,24.0,0.0,2.0,4.0
3895074,2023-09-15,Bundesliga,Bayer Leverkusen,Bayern Munich,10336,Alejandro Grimaldo García,DEF,Left Wing Back,98.4,1,D,1.0,0.0,0.0989,0.5818,2.0,66.0,58.0,5.0,3.0,16.0,10.0,2.0,4.0,51.0,2.0,4.0,7.0
3895074,2023-09-15,Bundesliga,Bayer Leverkusen,Bayern Munich,27133,Odilon Kossonou,DEF,Right Center Back,98.4,1,D,0,0.0,0,0,0,48.0,46.0,2.0,1.0,14.0,5.0,2.0,2.0,50.0,2.0,2.0,2.0
3895074,2023-09-15,Bundesliga,Bayer Leverkusen,Bayern Munich,28239,Adam Hložek,DEF,Left Center Back,9.08,0,D,0,0,0,0,0,0,0,0,0,3.0,0,0,0,0,0,0,0
3895074,2023-09-15,Bundesliga,Bayer Leverkusen,Bayern Munich,28268,Exequiel Alejandro Palacios,MID,Right Defensive Midfield,53.4,0,D,1.0,0.0,0.7835,0,1.0,43.0,38.0,3.0,2.0,8.0,1.0,3.0,2.0,30.0,0.0,1.0,3.0
3895074,2023-09-15,Bundesliga,Bayer Leverkusen,Bayern Munich,30606,Edmond Fayçal Tapsoba,DEF,Left Center Back,89.32,1,D,0,0.0,0,0,0,64.0,61.0,4.0,2.0,10.0,2.0,1.0,3.0,59.0,2.0,2.0,4.0
3895074,2023-09-15,Bundesliga,Bayer Leverkusen,Bayern Munich,32289,Victor Okoh Boniface,FWD,Center Forward,98.4,1,D,0.0,0.0,0.9694,0.3601,8.0,15.0,9.0,1.0,2.0,11.0,2.0,0,0,25.0,3.0,2.0,2.0
3895074,2023-09-15,Bundesliga,Bayer Leverkusen,Bayern Munich,32712,Jeremie Frimpong,DEF,Right Wing Back,81.1,1,D,0,0.0,0,0,0,34.0,21.0,2.0,2.0,12.0,4.0,0,1.0,23.0,1.0,2.0,2.0
3895074,2023-09-15,Bundesliga,Bayer Leverkusen,Bayern Munich,33401,Amine Adli,MID,Right Midfield,17.3,0,D,0,0.0,0,0.1174,0,8.0,6.0,1.0,1.0,0,1.0,0,0,5.0,0.0,1.0,1.0
3895074,2023-09-15,Bundesliga,Bayer Leverkusen,Bayern Munich,38004,Piero Martín Hincapié Reyna,DEF,Left Wing Back,3.55,0,D,0,0,0,0,0,0,0,0,0,0,0,0,0,0,0,0,0
3895074,2023-09-15,Bundesliga,Bayer Leverkusen,Bayern Munich,40724,Florian Wirtz,FWD,Left Wing,95.08,1,D,0.0,0.0,0.3601,0.2483,1.0,65.0,54.0,7.0,5.0,32.0,11.0,0,1.0,71.0,7.0,7.0,9.0
3895086,2023-09-24,Bundesliga,Bayer Leverkusen,FC Heidenheim,3500,Granit Xhaka,MID,Left Defensive Midfield,96.0,1,W,0,0.0,0,0.3773,0,125.0,118.0,12.0,12.0,7.0,4.0,0,0,89.0,7.0,7.0,14.0
3895086,2023-09-24,Bundesliga,Bayer Leverkusen,FC Heidenheim,8221,Jonathan Tah,DEF,Center Back,96.0,1,W,0,0.0,0,0,0,77.0,74.0,10.0,5.0,9.0,2.0,1.0,1.0,61.0,3.0,3.0,10.0
3895086,2023-09-24,Bundesliga,Bayer Leverkusen,FC Heidenheim,8667,Lukáš Hrádecký,GK,Goalkeeper,96.0,1,W,0,0.0,0,0,0,27.0,27.0,0.0,0.0,0,2.0,0,0,17.0,0.0,0.0,0.0
3895086,2023-09-24,Bundesliga,Bayer Leverkusen,FC Heidenheim,8804,Jonas Hofmann,MID,Right Attacking Midfield,96.0,1,W,1.0,0.0,0.6013,0.1659,4.0,72.0,60.0,6.0,3.0,16.0,2.0,0,0,36.0,1.0,4.0,7.0
3895086,2023-09-24,Bundesliga,Bayer Leverkusen,FC Heidenheim,9195,Robert Andrich,MID,Right Defensive Midfield,25.7,0,W,0,0.0,0,0,0,16.0,14.0,0.0,1.0,4.0,1.0,0,0,13.0,0.0,1.0,0.0
3895086,2023-09-24,Bundesliga,Bayer Leverkusen,FC Heidenheim,10336,Alejandro Grimaldo García,DEF,Left Wing Back,83.88,1,W,0.0,1.0,0.1077,0.1806,1.0,68.0,59.0,8.0,8.0,9.0,5.0,0,2.0,48.0,5.0,4.0,9.0
3895086,2023-09-24,Bundesliga,Bayer Leverkusen,FC Heidenheim,27133,Odilon Kossonou,DEF,Right Center Back,96.0,1,W,0.0,0.0,0.0311,0.2523,1.0,87.0,82.0,14.0,10.0,8.0,11.0,1.0,2.0,78.0,8.0,7.0,16.0
3895086,2023-09-24,Bundesliga,Bayer Leverkusen,FC Heidenheim,28239,Adam Hložek,FWD,Center Forward,12.0,0,W,0,0.0,0,0,0,3.0,1.0,0.0,0.0,2.0,0,0,1.0,3.0,0.0,2.0,0.0
3895086,2023-09-24,Bundesliga,Bayer Leverkusen,FC Heidenheim,28268,Exequiel Alejandro Palacios,MID,Right Defensive Midfield,70.3,1,W,0,2.0,0,0.8967,0,108.0,101.0,11.0,11.0,10.0,6.0,2.0,3.0,83.0,1.0,5.0,12.0
3895086,2023-09-24,Bundesliga,Bayer Leverkusen,FC Heidenheim,30606,Edmond Fayçal Tapsoba,DEF,Left Center Back,96.0,1,W,0,0.0,0,0,0,111.0,106.0,16.0,9.0,8.0,5.0,0,3.0,97.0,7.0,3.0,16.0
3895086,2023-09-24,Bundesliga,Bayer Leverkusen,FC Heidenheim,32289,Victor Okoh Boniface,FWD,Center Forward,84.0,1,W,2.0,0.0,2.4533,0,9.0,28.0,19.0,0.0,0.0,3.0,5.0,0,1.0,39.0,3.0,1.0,0.0
3895086,2023-09-24,Bundesliga,Bayer Leverkusen,FC Heidenheim,32712,Jeremie Frimpong,DEF,Right Wing Back,78.28,1,W,0.0,0.0,0.1764,0.0263,2.0,53.0,43.0,3.0,1.0,9.0,8.0,0,0,46.0,7.0,1.0,4.0
3895086,2023-09-24,Bundesliga,Bayer Leverkusen,FC Heidenheim,33401,Amine Adli,MID,Left Attacking Midfield,25.75,0,W,1.0,0.0,0.0647,0,1.0,19.0,15.0,0.0,0.0,2.0,0,0,0,11.0,1.0,0.0,0.0
3895086,2023-09-24,Bundesliga,Bayer Leverkusen,FC Heidenheim,38004,Piero Martín Hincapié Reyna,DEF,Left Back,12.12,0,W,0,0.0,0,0,0,16.0,16.0,1.0,2.0,2.0,0,0,0,11.0,1.0,0.0,1.0
3895086,2023-09-24,Bundesliga,Bayer Leverkusen,FC Heidenheim,40724,Florian Wirtz,MID,Left Attacking Midfield,70.25,1,W,0.0,0.0,0.2739,0.1802,3.0,56.0,50.0,6.0,6.0,17.0,7.0,0,2.0,46.0,4.0,3.0,8.0
3895086,2023-09-24,Bundesliga,Bayer Leverkusen,FC Heidenheim,41411,Nathan Tella,FWD,Right Wing,17.72,0,W,0,0.0,0,0,0,7.0,6.0,0.0,1.0,3.0,0,0,0,5.0,0.0,0.0,0.0
3895095,2023-09-30,Bundesliga,Bayer Leverkusen,FSV Mainz 05,3500,Granit Xhaka,MID,Left Defensive Midfield,78.63,1,W,0,0.0,0,0,0,88.0,86.0,8.0,6.0,13.0,0,0,4.0,67.0,0.0,2.0,8.0
3895095,2023-09-30,Bundesliga,Bayer Leverkusen,FSV Mainz 05,8221,Jonathan Tah,DEF,Center Back,94.25,1,W,0,0.0,0,0,0,67.0,64.0,7.0,6.0,9.0,6.0,0,1.0,53.0,1.0,1.0,7.0
3895095,2023-09-30,Bundesliga,Bayer Leverkusen,FSV Mainz 05,8403,Nadiem Amiri,MID,Right Attacking Midfield,8.53,0,W,0,0.0,0,0,0,1.0,0.0,0.0,0.0,2.0,1.0,0,0,5.0,1.0,0.0,0.0
3895095,2023-09-30,Bundesliga,Bayer Leverkusen,FSV Mainz 05,8667,Lukáš Hrádecký,GK,Goalkeeper,94.25,1,W,0,0.0,0,0,0,28.0,22.0,2.0,0.0,0,5.0,0,0,15.0,0.0,0.0,2.0
3895095,2023-09-30,Bundesliga,Bayer Leverkusen,FSV Mainz 05,8804,Jonas Hofmann,MID,Left Attacking Midfield,85.72,1,W,1.0,0.0,0.1358,0,2.0,44.0,34.0,1.0,3.0,20.0,3.0,0,0,30.0,1.0,4.0,1.0
3895095,2023-09-30,Bundesliga,Bayer Leverkusen,FSV Mainz 05,9195,Robert Andrich,MID,Left Defensive Midfield,15.62,0,W,0,0.0,0,0,0,6.0,5.0,0.0,0.0,3.0,0,0,0,4.0,0.0,0.0,0.0
3895095,2023-09-30,Bundesliga,Bayer Leverkusen,FSV Mainz 05,10336,Alejandro Grimaldo García,DEF,Left Wing Back,94.25,1,W,1.0,0.0,0.129,0,2.0,67.0,54.0,2.0,7.0,23.0,10.0,4.0,3.0,46.0,2.0,3.0,2.0
3895095,2023-09-30,Bundesliga,Bayer Leverkusen,FSV Mainz 05,27133,Odilon Kossonou,DEF,Right Center Back,94.25,1,W,0,0.0,0,0,0,65.0,56.0,1.0,1.0,21.0,4.0,1.0,2.0,56.0,1.0,1.0,1.0
3895095,2023-09-30,Bundesliga,Bayer Leverkusen,FSV Mainz 05,28239,Adam Hložek,FWD,Center Forward,16.13,0,W,0,0.0,0,0.0402,0,5.0,2.0,2.0,0.0,3.0,0,0,0,5.0,2.0,1.0,2.0
3895095,2023-09-30,Bundesliga,Bayer Leverkusen,FSV Mainz 05,28268,Exequiel Alejandro Palacios,MID,Right Defensive Midfield,94.25,1,W,0,0.0,0,0,0,96.0,91.0,7.0,7.0,19.0,7.0,0,1.0,72.0,0.0,3.0,7.0
3895095,2023-09-30,Bundesliga,Bayer Leverkusen,FSV Mainz 05,30606,Edmond Fayçal Tapsoba,DEF,Left Center Back,94.25,1,W,0,0.0,0,0.4886,0,85.0,76.0,12.0,4.0,8.0,3.0,1.0,0,69.0,1.0,3.0,12.0
3895095,2023-09-30,Bundesliga,Bayer Leverkusen,FSV Mainz 05,32289,Victor Okoh Boniface,FWD,Center Forward,78.12,1,W,0.0,0.0,0.4886,0,1.0,13.0,8.0,3.0,0.0,13.0,0,0,0,18.0,3.0,0.0,3.0
3895095,2023-09-30,Bundesliga,Bayer Leverkusen,FSV Mainz 05,32712,Jeremie Frimpong,DEF,Right Wing Back,85.62,1,W,0,0.0,0,0,0,28.0,20.0,1.0,0.0,10.0,2.0,0,2.0,22.0,4.0,1.0,1.0
3895095,2023-09-30,Bundesliga,Bayer Leverkusen,FSV Mainz 05,33401,Amine Adli,MID,Right Attacking Midfield,31.42,0,W,0.0,1.0,0.0402,0.1242,1.0,12.0,9.0,0.0,0.0,12.0,1.0,0,0,8.0,3.0,0.0,1.0
3895095,2023-09-30,Bundesliga,Bayer Leverkusen,FSV Mainz 05,40724,Florian Wirtz,MID,Right Attacking Midfield,62.83,1,W,0,0.0,0,0,0,26.0,21.0,1.0,2.0,31.0,4.0,0,0,25.0,2.0,1.0,1.0
3895095,2023-09-30,Bundesliga,Bayer Leverkusen,FSV Mainz 05,49337,Josip Stanišić,DEF,Right Wing Back,8.63,0,W,0,0.0,0,0,0,4.0,3.0,0.0,0.0,2.0,0,0,0,1.0,0.0,0.0,0.0
3895107,2023-10-08,Bundesliga,Bayer Leverkusen,FC Köln,3500,Granit Xhaka,MID,Left Defensive Midfield,93.1,1,W,0.0,0.0,0.0414,0.1261,1.0,110.0,102.0,15.0,9.0,11.0,6.0,1.0,1.0,98.0,4.0,8.0,17.0
3895107,2023-10-08,Bundesliga,Bayer Leverkusen,FC Köln,8221,Jonathan Tah,DEF,Center Back,93.1,1,W,0.0,0.0,0.1106,0,1.0,86.0,84.0,9.0,3.0,6.0,4.0,1.0,0,79.0,1.0,2.0,9.0
3895107,2023-10-08,Bundesliga,Bayer Leverkusen,FC Köln,8667,Lukáš Hrádecký,GK,Goalkeeper,93.1,1,W,0,0.0,0,0,0,29.0,29.0,1.0,1.0,0,2.0,0,0,14.0,0.0,0.0,1.0
3895107,2023-10-08,Bundesliga,Bayer Leverkusen,FC Köln,8804,Jonas Hofmann,MID,Right Attacking Midfield,87.58,1,W,1.0,1.0,0.2708,0.9083,3.0,55.0,47.0,5.0,4.0,31.0,2.0,0,0,40.0,0.0,5.0,10.0
3895107,2023-10-08,Bundesliga,Bayer Leverkusen,FC Köln,10336,Alejandro Grimaldo García,DEF,Left Wing Back,93.1,1,W,0.0,1.0,0.1161,0.4788,2.0,89.0,80.0,6.0,4.0,17.0,5.0,3.0,0,72.0,3.0,6.0,7.0
3895107,2023-10-08,Bundesliga,Bayer Leverkusen,FC Köln,27133,Odilon Kossonou,DEF,Right Center Back,93.1,1,W,0,0.0,0,0,0,81.0,73.0,10.0,8.0,9.0,6.0,3.0,2.0,69.0,4.0,8.0,10.0
3895107,2023-10-08,Bundesliga,Bayer Leverkusen,FC Köln,28239,Adam Hložek,FWD,Center Forward,13.32,0,W,0,0.0,0,0.0251,0,2.0,1.0,0.0,0.0,4.0,1.0,0,0,3.0,0.0,0.0,1.0
3895107,2023-10-08,Bundesliga,Bayer Leverkusen,FC Köln,28268,Exequiel Alejandro Palacios,MID,Right Defensive Midfield,93.1,1,W,0,0.0,0,0.4833,0,116.0,112.0,7.0,5.0,16.0,7.0,3.0,1.0,100.0,2.0,2.0,8.0
3895107,2023-10-08,Bundesliga,Bayer Leverkusen,FC Köln,30606,Edmond Fayçal Tapsoba,DEF,Left Center Back,70.57,1,W,0,0.0,0,0,0,74.0,72.0,11.0,5.0,6.0,4.0,1.0,1.0,64.0,0.0,4.0,11.0
3895107,2023-10-08,Bundesliga,Bayer Leverkusen,FC Köln,32289,Victor Okoh Boniface,FWD,Center Forward,79.78,1,W,1.0,0.0,1.352,0.4496,6.0,17.0,12.0,0.0,1.0,8.0,4.0,0,0,29.0,4.0,1.0,2.0
3895107,2023-10-08,Bundesliga,Bayer Leverkusen,FC Köln,32712,Jeremie Frimpong,DEF,Right Wing Back,79.82,1,W,1.0,0.0,0.7943,0.0611,3.0,26.0,21.0,2.0,1.0,18.0,4.0,0,0,27.0,5.0,3.0,3.0
3895107,2023-10-08,Bundesliga,Bayer Leverkusen,FC Köln,33401,Amine Adli,MID,Left Attacking Midfield,22.27,0,W,0.0,0.0,0.0251,0,1.0,9.0,6.0,2.0,0.0,10.0,0,0,0,11.0,2.0,0.0,2.0
3895107,2023-10-08,Bundesliga,Bayer Leverkusen,FC Köln,38004,Piero Martín Hincapié Reyna,DEF,Left Center Back,22.53,0,W,0,0.0,0,0,0,25.0,25.0,3.0,1.0,1.0,2.0,0,0,23.0,0.0,0.0,3.0
3895107,2023-10-08,Bundesliga,Bayer Leverkusen,FC Köln,40724,Florian Wirtz,MID,Left Attacking Midfield,70.83,1,W,0.0,1.0,0.205,0.3007,5.0,50.0,42.0,3.0,1.0,25.0,7.0,0,2.0,54.0,4.0,3.0,5.0
3895107,2023-10-08,Bundesliga,Bayer Leverkusen,FC Köln,41411,Nathan Tella,DEF,Right Wing Back,13.28,0,W,0.0,0.0,0.0268,0.023,1.0,4.0,4.0,1.0,1.0,2.0,0,0,0,7.0,1.0,1.0,1.0
3895107,2023-10-08,Bundesliga,Bayer Leverkusen,FC Köln,261630,Gustavo Adolfo Puerta Molano,MID,Right Attacking Midfield,5.52,0,W,0,0.0,0,0,0,2.0,1.0,0.0,0.0,2.0,0,0,0,1.0,0.0,0.0,0.0
3895113,2023-10-21,Bundesliga,Bayer Leverkusen,Wolfsburg,3500,Granit Xhaka,MID,Left Defensive Midfield,94.22,1,W,0,0.0,0,0.0421,0,95.0,89.0,13.0,10.0,8.0,8.0,0,1.0,83.0,0.0,4.0,13.0
3895113,2023-10-21,Bundesliga,Bayer Leverkusen,Wolfsburg,8221,Jonathan Tah,DEF,Center Back,94.22,1,W,0.0,0.0,0.0301,0,1.0,56.0,53.0,3.0,1.0,8.0,3.0,0,1.0,44.0,0.0,1.0,3.0
3895113,2023-10-21,Bundesliga,Bayer Leverkusen,Wolfsburg,8403,Nadiem Amiri,MID,Right Attacking Midfield,6.88,0,W,0,0.0,0,0,0,3.0,2.0,0.0,0.0,4.0,1.0,1.0,0,3.0,0.0,0.0,0.0
3895113,2023-10-21,Bundesliga,Bayer Leverkusen,Wolfsburg,8667,Lukáš Hrádecký,GK,Goalkeeper,94.22,1,W,0,0.0,0,0,0,41.0,32.0,4.0,1.0,0,6.0,0,0,29.0,0.0,0.0,4.0
3895113,2023-10-21,Bundesliga,Bayer Leverkusen,Wolfsburg,8804,Jonas Hofmann,MID,Right Attacking Midfield,87.33,1,W,0,0.0,0,0.1317,0,68.0,58.0,7.0,3.0,18.0,3.0,0,0,58.0,1.0,4.0,7.0
3895113,2023-10-21,Bundesliga,Bayer Leverkusen,Wolfsburg,10336,Alejandro Grimaldo García,DEF,Left Wing Back,94.22,1,W,1.0,0.0,0.1225,0.0824,1.0,62.0,55.0,2.0,1.0,10.0,4.0,3.0,1.0,48.0,1.0,1.0,4.0
3895113,2023-10-21,Bundesliga,Bayer Leverkusen,Wolfsburg,27133,Odilon Kossonou,DEF,Right Center Back,6.37,0,W,0,0,0,0,0,0,0,0,0,1.0,0,0,0,0,0,0,0
3895113,2023-10-21,Bundesliga,Bayer Leverkusen,Wolfsburg,28268,Exequiel Alejandro Palacios,MID,Right Defensive Midfield,94.22,1,W,0,0.0,0,0.4451,0,78.0,70.0,11.0,6.0,17.0,6.0,0,1.0,68.0,0.0,4.0,11.0
3895113,2023-10-21,Bundesliga,Bayer Leverkusen,Wolfsburg,30606,Edmond Fayçal Tapsoba,DEF,Left Center Back,94.22,1,W,0.0,0.0,0.0339,0,1.0,73.0,66.0,8.0,4.0,5.0,7.0,3.0,0,62.0,2.0,2.0,8.0
3895113,2023-10-21,Bundesliga,Bayer Leverkusen,Wolfsburg,32289,Victor Okoh Boniface,FWD,Center Forward,94.22,1,W,0.0,1.0,0.6993,0.4023,4.0,28.0,16.0,3.0,1.0,4.0,1.0,1.0,0,39.0,8.0,3.0,4.0
3895113,2023-10-21,Bundesliga,Bayer Leverkusen,Wolfsburg,32712,Jeremie Frimpong,DEF,Right Wing Back,87.58,1,W,1.0,1.0,0.932,0.4523,3.0,32.0,24.0,2.0,1.0,18.0,3.0,2.0,2.0,37.0,5.0,2.0,3.0
3895113,2023-10-21,Bundesliga,Bayer Leverkusen,Wolfsburg,33401,Amine Adli,MID,Left Attacking Midfield,59.5,1,W,0.0,0.0,0.0421,0.3224,1.0,29.0,24.0,3.0,2.0,18.0,2.0,2.0,1.0,29.0,2.0,2.0,5.0
3895113,2023-10-21,Bundesliga,Bayer Leverkusen,Wolfsburg,40724,Florian Wirtz,MID,Left Attacking Midfield,34.72,0,W,0.0,0.0,0.1028,0,2.0,30.0,25.0,4.0,5.0,13.0,1.0,0,0,36.0,2.0,5.0,4.0
3895113,2023-10-21,Bundesliga,Bayer Leverkusen,Wolfsburg,41411,Nathan Tella,DEF,Right Wing Back,6.63,0,W,0,0.0,0,0,0,4.0,4.0,0.0,0.0,1.0,2.0,0,0,4.0,0.0,0.0,0.0
3895113,2023-10-21,Bundesliga,Bayer Leverkusen,Wolfsburg,49337,Josip Stanišić,DEF,Right Center Back,87.85,1,W,0,0.0,0,0.0505,0,55.0,49.0,6.0,4.0,15.0,8.0,0,1.0,49.0,4.0,0.0,7.0
3895121,2023-10-29,Bundesliga,Bayer Leverkusen,Freiburg,3500,Granit Xhaka,MID,Left Defensive Midfield,95.83,1,W,0.0,0.0,0.0479,0,2.0,98.0,91.0,14.0,12.0,9.0,5.0,0,1.0,88.0,2.0,6.0,14.0
3895121,2023-10-29,Bundesliga,Bayer Leverkusen,Freiburg,7044,Patrik Schick,FWD,Center Forward,5.67,0,W,0,0.0,0,0,0,1.0,0.0,0.0,0.0,1.0,0,0,0,0,0,0.0,0.0
3895121,2023-10-29,Bundesliga,Bayer Leverkusen,Freiburg,8221,Jonathan Tah,DEF,Center Back,95.83,1,W,0.0,0.0,0.0235,0.0235,1.0,100.0,95.0,12.0,10.0,5.0,3.0,0,1.0,88.0,2.0,6.0,12.0
3895121,2023-10-29,Bundesliga,Bayer Leverkusen,Freiburg,8667,Lukáš Hrádecký,GK,Goalkeeper,95.83,1,W,0,0.0,0,0,0,22.0,18.0,2.0,0.0,0,4.0,0,0,13.0,0.0,0.0,2.0
3895121,2023-10-29,Bundesliga,Bayer Leverkusen,Freiburg,8804,Jonas Hofmann,MID,Right Attacking Midfield,84.92,1,W,0.0,0.0,0.1958,0.365,2.0,63.0,48.0,4.0,3.0,14.0,5.0,0,0,56.0,0.0,5.0,7.0
3895121,2023-10-29,Bundesliga,Bayer Leverkusen,Freiburg,10336,Alejandro Grimaldo García,DEF,Left Wing Back,90.17,1,W,0.0,0.0,0.0079,0,1.0,55.0,47.0,3.0,1.0,7.0,7.0,0,3.0,49.0,0.0,1.0,3.0
3895121,2023-10-29,Bundesliga,Bayer Leverkusen,Freiburg,27133,Odilon Kossonou,DEF,Right Center Back,95.83,1,W,0,0.0,0,0,0,75.0,70.0,17.0,13.0,4.0,7.0,0,0,69.0,5.0,8.0,17.0
3895121,2023-10-29,Bundesliga,Bayer Leverkusen,Freiburg,28239,Adam Hložek,MID,Left Attacking Midfield,5.67,0,W,0,0.0,0,0,0,1.0,1.0,1.0,0.0,0,0,0,0,1.0,1.0,1.0,1.0
3895121,2023-10-29,Bundesliga,Bayer Leverkusen,Freiburg,28268,Exequiel Alejandro Palacios,MID,Right Defensive Midfield,95.83,1,W,0.0,0.0,0.0942,0.0522,2.0,110.0,103.0,14.0,12.0,17.0,6.0,1.0,4.0,102.0,3.0,5.0,14.0
3895121,2023-10-29,Bundesliga,Bayer Leverkusen,Freiburg,30606,Edmond Fayçal Tapsoba,DEF,Left Center Back,95.83,1,W,0.0,0.0,0.1892,0,1.0,110.0,103.0,15.0,11.0,4.0,8.0,0,1.0,106.0,4.0,6.0,15.0
3895121,2023-10-29,Bundesliga,Bayer Leverkusen,Freiburg,32289,Victor Okoh Boniface,FWD,Center Forward,90.17,1,W,0.0,0.0,0.3251,0.1705,4.0,26.0,21.0,3.0,1.0,10.0,8.0,0,1.0,29.0,4.0,4.0,6.0
3895121,2023-10-29,Bundesliga,Bayer Leverkusen,Freiburg,32712,Jeremie Frimpong,DEF,Right Wing Back,84.9,1,W,0.0,1.0,0.3221,0.0754,2.0,34.0,27.0,3.0,0.0,7.0,5.0,1.0,0,43.0,8.0,1.0,3.0
3895121,2023-10-29,Bundesliga,Bayer Leverkusen,Freiburg,33401,Amine Adli,MID,Right Attacking Midfield,10.92,0,W,0,0.0,0,0,0,1.0,0.0,0.0,0.0,1.0,0,0,0,0,0,0.0,0.0
3895121,2023-10-29,Bundesliga,Bayer Leverkusen,Freiburg,38004,Piero Martín Hincapié Reyna,DEF,Left Wing Back,5.67,0,W,0,0.0,0,0,0,1.0,0.0,0.0,0.0,0,0,0,0,0,0,0.0,0.0
3895121,2023-10-29,Bundesliga,Bayer Leverkusen,Freiburg,40724,Florian Wirtz,MID,Left Attacking Midfield,90.17,1,W,1.0,0.0,0.2196,0.4228,3.0,53.0,48.0,3.0,2.0,13.0,6.0,1.0,1.0,52.0,10.0,1.0,4.0
3895121,2023-10-29,Bundesliga,Bayer Leverkusen,Freiburg,41411,Nathan Tella,DEF,Right Wing Back,10.93,0,W,0,0.0,0,0,0,2.0,1.0,0.0,0.0,1.0,0,0,0,1.0,0.0,0.0,0.0
3895134,2023-11-04,Bundesliga,Bayer Leverkusen,Hoffenheim,3500,Granit Xhaka,MID,Left Defensive Midfield,95.48,1,W,0,0.0,0,0.1301,0,76.0,69.0,9.0,5.0,12.0,3.0,0,1.0,51.0,4.0,6.0,10.0
3895134,2023-11-04,Bundesliga,Bayer Leverkusen,Hoffenheim,8221,Jonathan Tah,DEF,Center Back,95.48,1,W,0,0.0,0,0,0,60.0,56.0,8.0,0.0,10.0,3.0,0,1.0,45.0,2.0,1.0,8.0
3895134,2023-11-04,Bundesliga,Bayer Leverkusen,Hoffenheim,8667,Lukáš Hrádecký,GK,Goalkeeper,95.48,1,W,0,0.0,0,0,0,25.0,18.0,2.0,0.0,0,6.0,0,0,9.0,0.0,0.0,2.0
3895134,2023-11-04,Bundesliga,Bayer Leverkusen,Hoffenheim,8804,Jonas Hofmann,MID,Right Attacking Midfield,79.43,1,W,0.0,1.0,0.1216,0.0622,2.0,48.0,39.0,5.0,3.0,22.0,2.0,0,0,30.0,3.0,5.0,6.0
3895134,2023-11-04,Bundesliga,Bayer Leverkusen,Hoffenheim,9195,Robert Andrich,MID,Right Attacking Midfield,16.05,0,W,0,0.0,0,0,0,5.0,5.0,0.0,0.0,2.0,0,0,0,3.0,0.0,0.0,0.0
3895134,2023-11-04,Bundesliga,Bayer Leverkusen,Hoffenheim,10336,Alejandro Grimaldo García,DEF,Left Wing Back,95.48,1,W,2.0,0.0,0.1522,0.0801,3.0,59.0,51.0,1.0,1.0,18.0,6.0,0,1.0,47.0,4.0,0.0,2.0
3895134,2023-11-04,Bundesliga,Bayer Leverkusen,Hoffenheim,27133,Odilon Kossonou,DEF,Right Center Back,45.0,1,W,0,0.0,0,0,0,29.0,26.0,8.0,8.0,5.0,1.0,3.0,0,24.0,3.0,8.0,8.0
3895134,2023-11-04,Bundesliga,Bayer Leverkusen,Hoffenheim,28239,Adam Hložek,FWD,Right Center Forward,5.18,0,W,0,0.0,0,0,0,2.0,1.0,0.0,0.0,3.0,0,0,1.0,3.0,1.0,0.0,0.0
3895134,2023-11-04,Bundesliga,Bayer Leverkusen,Hoffenheim,28268,Exequiel Alejandro Palacios,MID,Right Defensive Midfield,95.48,1,W,0,0.0,0,0,0,83.0,77.0,14.0,9.0,25.0,6.0,2.0,2.0,59.0,2.0,6.0,14.0
3895134,2023-11-04,Bundesliga,Bayer Leverkusen,Hoffenheim,30606,Edmond Fayçal Tapsoba,DEF,Left Center Back,95.48,1,W,0,0.0,0,0,0,63.0,57.0,10.0,9.0,13.0,4.0,1.0,1.0,47.0,1.0,4.0,10.0
3895134,2023-11-04,Bundesliga,Bayer Leverkusen,Hoffenheim,32289,Victor Okoh Boniface,FWD,Center Forward,87.58,1,W,0.0,2.0,0.3753,0.5009,2.0,23.0,17.0,4.0,3.0,10.0,4.0,0,0,23.0,3.0,2.0,6.0
3895134,2023-11-04,Bundesliga,Bayer Leverkusen,Hoffenheim,32712,Jeremie Frimpong,DEF,Right Wing Back,95.48,1,W,0.0,0.0,0.1918,0.0415,2.0,37.0,28.0,2.0,1.0,15.0,4.0,0,1.0,39.0,11.0,3.0,3.0
3895134,2023-11-04,Bundesliga,Bayer Leverkusen,Hoffenheim,33401,Amine Adli,FWD,Left Center Forward,7.9,0,W,0,0.0,0,0,0,4.0,3.0,0.0,0.0,3.0,0,0,0,4.0,1.0,0.0,0.0
3895134,2023-11-04,Bundesliga,Bayer Leverkusen,Hoffenheim,40724,Florian Wirtz,MID,Left Attacking Midfield,90.3,1,W,1.0,0.0,0.4336,0.2968,1.0,52.0,45.0,5.0,3.0,36.0,4.0,0,0,49.0,2.0,1.0,6.0
3895134,2023-11-04,Bundesliga,Bayer Leverkusen,Hoffenheim,49337,Josip Stanišić,DEF,Right Center Back,50.48,0,W,0,0.0,0,0.0844,0,22.0,19.0,2.0,3.0,7.0,1.0,2.0,0,18.0,4.0,0.0,3.0
3895139,2023-11-12,Bundesliga,Bayer Leverkusen,Union Berlin,3500,Granit Xhaka,MID,Right Defensive Midfield,91.98,1,W,0.0,0.0,0.0257,0,1.0,150.0,142.0,18.0,13.0,14.0,9.0,0,3.0,132.0,1.0,12.0,18.0
3895139,2023-11-12,Bundesliga,Bayer Leverkusen,Union Berlin,8221,Jonathan Tah,DEF,Center Back,91.98,1,W,1.0,0.0,0.0892,0,2.0,87.0,79.0,10.0,6.0,9.0,4.0,0,3.0,82.0,0.0,6.0,10.0
3895139,2023-11-12,Bundesliga,Bayer Leverkusen,Union Berlin,8667,Lukáš Hrádecký,GK,Goalkeeper,91.98,1,W,0,0.0,0,0,0,25.0,25.0,0.0,0.0,0,3.0,0,0,17.0,0.0,0.0,0.0
3895139,2023-11-12,Bundesliga,Bayer Leverkusen,Union Berlin,8804,Jonas Hofmann,MID,Right Attacking Midfield,79.72,1,W,0.0,1.0,0.0294,0.2048,1.0,64.0,52.0,2.0,1.0,18.0,2.0,1.0,0,40.0,1.0,2.0,5.0
3895139,2023-11-12,Bundesliga,Bayer Leverkusen,Union Berlin,9195,Robert Andrich,MID,Left Defensive Midfield,6.05,0,W,0,0.0,0,0,0,13.0,13.0,1.0,1.0,0,0,0,0,10.0,0.0,0.0,1.0
3895139,2023-11-12,Bundesliga,Bayer Leverkusen,Union Berlin,10336,Alejandro Grimaldo García,DEF,Left Wing Back,91.98,1,W,1.0,1.0,0.0365,0.0775,2.0,72.0,63.0,7.0,6.0,6.0,2.0,1.0,0,61.0,2.0,4.0,9.0
3895139,2023-11-12,Bundesliga,Bayer Leverkusen,Union Berlin,27133,Odilon Kossonou,DEF,Right Center Back,91.98,1,W,1.0,0.0,0.1223,0.3615,1.0,80.0,75.0,13.0,8.0,11.0,8.0,0,1.0,65.0,1.0,3.0,13.0
3895139,2023-11-12,Bundesliga,Bayer Leverkusen,Union Berlin,28239,Adam Hložek,FWD,Center Forward,6.0,0,W,0,0,0,0,0,0,0,0,0,2.0,0,0,0,1.0,0.0,0,0
3895139,2023-11-12,Bundesliga,Bayer Leverkusen,Union Berlin,28268,Exequiel Alejandro Palacios,MID,Left Defensive Midfield,85.93,1,W,0,0.0,0,0,0,118.0,111.0,14.0,10.0,14.0,3.0,1.0,2.0,110.0,1.0,7.0,14.0
3895139,2023-11-12,Bundesliga,Bayer Leverkusen,Union Berlin,32289,Victor Okoh Boniface,FWD,Center Forward,85.98,1,W,0.0,0.0,0.399,0.1826,4.0,21.0,16.0,2.0,1.0,12.0,1.0,0,1.0,31.0,2.0,0.0,2.0
3895139,2023-11-12,Bundesliga,Bayer Leverkusen,Union Berlin,32712,Jeremie Frimpong,DEF,Right Wing Back,79.62,1,W,0.0,0.0,0.5441,0.2175,2.0,51.0,45.0,1.0,1.0,18.0,3.0,0,1.0,51.0,4.0,0.0,3.0
3895139,2023-11-12,Bundesliga,Bayer Leverkusen,Union Berlin,33401,Amine Adli,MID,Right Attacking Midfield,12.27,0,W,0.0,1.0,0.0535,0.062,1.0,3.0,3.0,1.0,0.0,2.0,0,0,0,4.0,1.0,0.0,1.0
3895139,2023-11-12,Bundesliga,Bayer Leverkusen,Union Berlin,38004,Piero Martín Hincapié Reyna,DEF,Left Center Back,91.98,1,W,0,0.0,0,0,0,100.0,99.0,13.0,6.0,7.0,2.0,0,0,86.0,2.0,2.0,13.0
3895139,2023-11-12,Bundesliga,Bayer Leverkusen,Union Berlin,40724,Florian Wirtz,MID,Left Attacking Midfield,85.97,1,W,0.0,1.0,0.5215,0.2686,3.0,68.0,57.0,6.0,9.0,18.0,8.0,2.0,0,75.0,6.0,7.0,9.0
3895139,2023-11-12,Bundesliga,Bayer Leverkusen,Union Berlin,41411,Nathan Tella,DEF,Right Wing Back,12.37,0,W,1.0,0.0,0.062,0,1.0,2.0,2.0,1.0,0.0,1.0,1.0,0,0,3.0,0.0,0.0,1.0
3895139,2023-11-12,Bundesliga,Bayer Leverkusen,Union Berlin,114833,Noah Mbamba,MID,Left Attacking Midfield,6.02,0,W,0,0.0,0,0,0,1.0,1.0,0.0,0.0,2.0,1.0,0,0,3.0,1.0,0.0,0.0
3895153,2023-11-25,Bundesliga,Bayer Leverkusen,Werder Bremen,3500,Granit Xhaka,MID,Right Defensive Midfield,88.83,1,W,0.0,0.0,0.0741,0.0537,2.0,114.0,105.0,10.0,7.0,15.0,4.0,0,2.0,93.0,1.0,8.0,10.0
3895153,2023-11-25,Bundesliga,Bayer Leverkusen,Werder Bremen,8403,Nadiem Amiri,MID,Left Attacking Midfield,4.33,0,W,0.0,0.0,0.0768,0,1.0,1.0,1.0,0.0,0.0,2.0,0,0,0,2.0,0.0,0.0,0.0
3895153,2023-11-25,Bundesliga,Bayer Leverkusen,Werder Bremen,8667,Lukáš Hrádecký,GK,Goalkeeper,93.02,1,W,0,0.0,0,0,0,29.0,18.0,1.0,0.0,0,6.0,0,0,17.0,0.0,0.0,1.0
3895153,2023-11-25,Bundesliga,Bayer Leverkusen,Werder Bremen,8804,Jonas Hofmann,MID,Right Attacking Midfield,88.68,1,W,0.0,0.0,0.1009,0.0552,2.0,75.0,62.0,8.0,2.0,43.0,5.0,0,3.0,64.0,2.0,5.0,9.0
3895153,2023-11-25,Bundesliga,Bayer Leverkusen,Werder Bremen,9195,Robert Andrich,DEF,Center Back,93.02,1,W,0,0.0,0,0,0,68.0,66.0,1.0,1.0,9.0,1.0,0,0,52.0,1.0,1.0,1.0
3895153,2023-11-25,Bundesliga,Bayer Leverkusen,Werder Bremen,10336,Alejandro Grimaldo García,DEF,Left Wing Back,93.02,1,W,1.0,0.0,0.0875,0.1346,2.0,66.0,54.0,3.0,0.0,17.0,1.0,0,1.0,48.0,4.0,4.0,4.0
3895153,2023-11-25,Bundesliga,Bayer Leverkusen,Werder Bremen,27133,Odilon Kossonou,DEF,Right Center Back,93.02,1,W,0,0.0,0,0,0,76.0,65.0,9.0,5.0,17.0,5.0,2.0,3.0,63.0,0.0,3.0,9.0
3895153,2023-11-25,Bundesliga,Bayer Leverkusen,Werder Bremen,28239,Adam Hložek,MID,Right Attacking Midfield,12.93,0,W,0.0,0.0,0.0316,0,1.0,10.0,7.0,1.0,0.0,0,2.0,2.0,0,7.0,3.0,0.0,1.0
3895153,2023-11-25,Bundesliga,Bayer Leverkusen,Werder Bremen,28268,Exequiel Alejandro Palacios,MID,Left Defensive Midfield,93.02,1,W,0,0.0,0,0.0316,0,117.0,108.0,6.0,5.0,14.0,10.0,1.0,4.0,89.0,2.0,3.0,6.0
3895153,2023-11-25,Bundesliga,Bayer Leverkusen,Werder Bremen,32289,Victor Okoh Boniface,FWD,Center Forward,70.98,1,W,0.0,0.0,0.4405,0,3.0,21.0,14.0,1.0,0.0,14.0,2.0,0,0,29.0,2.0,1.0,1.0
3895153,2023-11-25,Bundesliga,Bayer Leverkusen,Werder Bremen,32712,Jeremie Frimpong,DEF,Right Wing Back,80.08,1,W,1.0,0.0,0.1964,0.1458,2.0,47.0,38.0,1.0,1.0,17.0,3.0,0,1.0,42.0,8.0,2.0,3.0
3895153,2023-11-25,Bundesliga,Bayer Leverkusen,Werder Bremen,33401,Amine Adli,FWD,Center Forward,22.03,0,W,0,1.0,0,0.1284,0,6.0,6.0,2.0,1.0,11.0,1.0,0,0,7.0,3.0,2.0,2.0
3895153,2023-11-25,Bundesliga,Bayer Leverkusen,Werder Bremen,38004,Piero Martín Hincapié Reyna,DEF,Left Center Back,93.02,1,W,0.0,1.0,0.0832,0.1543,1.0,79.0,76.0,2.0,1.0,12.0,3.0,3.0,2.0,61.0,4.0,1.0,3.0
3895153,2023-11-25,Bundesliga,Bayer Leverkusen,Werder Bremen,40724,Florian Wirtz,MID,Left Attacking Midfield,80.08,1,W,0,0.0,0,0,0,51.0,47.0,6.0,3.0,30.0,3.0,0,1.0,49.0,6.0,3.0,6.0
3895153,2023-11-25,Bundesliga,Bayer Leverkusen,Werder Bremen,41411,Nathan Tella,DEF,Right Wing Back,12.93,0,W,0,0.0,0,0,0,9.0,6.0,1.0,0.0,2.0,2.0,1.0,0,6.0,1.0,2.0,1.0
3895153,2023-11-25,Bundesliga,Bayer Leverkusen,Werder Bremen,261630,Gustavo Adolfo Puerta Molano,MID,Left Defensive Midfield,4.18,0,W,0,0.0,0,0,0,3.0,2.0,0.0,0.0,3.0,0,0,2.0,2.0,0.0,0.0,0.0
3895158,2023-12-03,Bundesliga,Bayer Leverkusen,Borussia Dortmund,3500,Granit Xhaka,MID,Right Defensive Midfield,94.68,1,D,0.0,0.0,0.231,0.1292,5.0,116.0,105.0,30.0,19.0,7.0,10.0,1.0,0,98.0,6.0,20.0,32.0
3895158,2023-12-03,Bundesliga,Bayer Leverkusen,Borussia Dortmund,7044,Patrik Schick,MID,Left Defensive Midfield,16.48,0,D,0.0,0.0,0.0684,0,1.0,4.0,2.0,0.0,0.0,1.0,0,0,0,5.0,0.0,0.0,0.0
3895158,2023-12-03,Bundesliga,Bayer Leverkusen,Borussia Dortmund,8221,Jonathan Tah,DEF,Center Back,94.68,1,D,0.0,0.0,0.1198,0,1.0,47.0,42.0,11.0,6.0,6.0,6.0,0,0,33.0,3.0,3.0,11.0
3895158,2023-12-03,Bundesliga,Bayer Leverkusen,Borussia Dortmund,8667,Lukáš Hrádecký,GK,Goalkeeper,94.68,1,D,0,0.0,0,0,0,19.0,18.0,0.0,0.0,0,5.0,0,0,10.0,0.0,0.0,0.0
3895158,2023-12-03,Bundesliga,Bayer Leverkusen,Borussia Dortmund,8804,Jonas Hofmann,MID,Right Attacking Midfield,63.45,1,D,0.0,0.0,0.0667,0.2857,2.0,40.0,24.0,2.0,3.0,14.0,5.0,0,0,31.0,3.0,3.0,6.0
3895158,2023-12-03,Bundesliga,Bayer Leverkusen,Borussia Dortmund,10336,Alejandro Grimaldo García,DEF,Left Wing Back,94.68,1,D,0.0,0.0,0.1224,0,4.0,88.0,60.0,3.0,1.0,3.0,2.0,1.0,0,65.0,4.0,5.0,3.0
3895158,2023-12-03,Bundesliga,Bayer Leverkusen,Borussia Dortmund,27133,Odilon Kossonou,DEF,Right Center Back,94.68,1,D,0.0,0.0,0.1043,0.018,1.0,50.0,46.0,12.0,5.0,11.0,5.0,1.0,4.0,46.0,9.0,9.0,13.0
3895158,2023-12-03,Bundesliga,Bayer Leverkusen,Borussia Dortmund,28268,Exequiel Alejandro Palacios,MID,Left Defensive Midfield,78.2,1,D,0.0,0.0,0.1994,0.0369,3.0,80.0,73.0,12.0,13.0,17.0,11.0,2.0,4.0,72.0,1.0,4.0,13.0
3895158,2023-12-03,Bundesliga,Bayer Leverkusen,Borussia Dortmund,30606,Edmond Fayçal Tapsoba,DEF,Left Center Back,94.68,1,D,0,0.0,0,0,0,84.0,82.0,20.0,6.0,7.0,10.0,1.0,1.0,75.0,3.0,3.0,20.0
3895158,2023-12-03,Bundesliga,Bayer Leverkusen,Borussia Dortmund,32289,Victor Okoh Boniface,FWD,Center Forward,94.68,1,D,1.0,0.0,1.085,0.0871,3.0,26.0,21.0,1.0,1.0,16.0,3.0,0,2.0,30.0,3.0,2.0,2.0
3895158,2023-12-03,Bundesliga,Bayer Leverkusen,Borussia Dortmund,32712,Jeremie Frimpong,DEF,Right Wing Back,94.68,1,D,0.0,0.0,0.0768,0.0182,2.0,48.0,34.0,3.0,2.0,9.0,3.0,2.0,1.0,43.0,6.0,1.0,4.0
3895158,2023-12-03,Bundesliga,Bayer Leverkusen,Borussia Dortmund,33401,Amine Adli,MID,Right Attacking Midfield,31.23,0,D,0,0.0,0,0.0812,0,25.0,19.0,2.0,2.0,1.0,1.0,0,0,19.0,0.0,0.0,3.0
3895158,2023-12-03,Bundesliga,Bayer Leverkusen,Borussia Dortmund,40724,Florian Wirtz,MID,Left Attacking Midfield,94.68,1,D,0.0,0.0,0.0709,0.166,2.0,100.0,82.0,11.0,1.0,27.0,11.0,2.0,1.0,82.0,6.0,8.0,13.0
3895167,2023-12-10,Bundesliga,Bayer Leverkusen,VfB Stuttgart,3500,Granit Xhaka,MID,Right Defensive Midfield,95.13,1,D,0.0,0.0,0.0477,0.0734,1.0,71.0,65.0,8.0,5.0,12.0,7.0,1.0,3.0,65.0,0.0,4.0,10.0
3895167,2023-12-10,Bundesliga,Bayer Leverkusen,VfB Stuttgart,7044,Patrik Schick,FWD,Center Forward,22.45,0,D,0.0,0.0,0.0439,0,1.0,2.0,2.0,0.0,0.0,1.0,1.0,0,0,2.0,0.0,0.0,0.0
3895167,2023-12-10,Bundesliga,Bayer Leverkusen,VfB Stuttgart,8221,Jonathan Tah,DEF,Center Back,95.13,1,D,0.0,0.0,0.1607,0.0477,3.0,45.0,42.0,6.0,1.0,11.0,4.0,0,2.0,32.0,0.0,0.0,7.0
3895167,2023-12-10,Bundesliga,Bayer Leverkusen,VfB Stuttgart,8667,Lukáš Hrádecký,GK,Goalkeeper,95.13,1,D,0,0.0,0,0,0,28.0,18.0,1.0,0.0,0,5.0,0,0,13.0,0.0,0.0,1.0
3895167,2023-12-10,Bundesliga,Bayer Leverkusen,VfB Stuttgart,8804,Jonas Hofmann,FWD,Left Wing,29.82,0,D,0.0,0.0,0.0153,0,1.0,15.0,12.0,2.0,1.0,3.0,2.0,0,0,14.0,1.0,1.0,2.0
3895167,2023-12-10,Bundesliga,Bayer Leverkusen,VfB Stuttgart,10336,Alejandro Grimaldo García,DEF,Left Wing Back,95.13,1,D,0.0,0.0,0.1375,0.2913,3.0,64.0,50.0,1.0,1.0,11.0,5.0,0,2.0,47.0,3.0,3.0,5.0
3895167,2023-12-10,Bundesliga,Bayer Leverkusen,VfB Stuttgart,27133,Odilon Kossonou,DEF,Right Center Back,95.13,1,D,0,0.0,0,0,0,61.0,50.0,7.0,3.0,9.0,5.0,3.0,2.0,53.0,2.0,3.0,7.0
3895167,2023-12-10,Bundesliga,Bayer Leverkusen,VfB Stuttgart,28268,Exequiel Alejandro Palacios,MID,Left Defensive Midfield,83.75,1,D,0,0.0,0,0.0939,0,58.0,49.0,3.0,0.0,19.0,2.0,2.0,4.0,53.0,1.0,2.0,3.0
3895167,2023-12-10,Bundesliga,Bayer Leverkusen,VfB Stuttgart,30606,Edmond Fayçal Tapsoba,DEF,Left Center Back,95.13,1,D,0,0.0,0,0,0,73.0,68.0,12.0,7.0,10.0,7.0,1.0,1.0,62.0,0.0,1.0,12.0
3895167,2023-12-10,Bundesliga,Bayer Leverkusen,VfB Stuttgart,32289,Victor Okoh Boniface,FWD,Center Forward,72.68,1,D,0.0,1.0,0.3631,0.5094,4.0,9.0,8.0,2.0,1.0,4.0,2.0,0,1.0,16.0,3.0,2.0,3.0
3895167,2023-12-10,Bundesliga,Bayer Leverkusen,VfB Stuttgart,32712,Jeremie Frimpong,DEF,Right Wing Back,95.13,1,D,0.0,0.0,0.0712,0.2621,2.0,26.0,21.0,1.0,0.0,18.0,2.0,1.0,0,29.0,9.0,0.0,4.0
3895167,2023-12-10,Bundesliga,Bayer Leverkusen,VfB Stuttgart,33401,Amine Adli,FWD,Left Wing,65.32,1,D,0.0,0.0,0.1271,0.0374,2.0,24.0,18.0,0.0,2.0,17.0,1.0,1.0,4.0,21.0,2.0,2.0,1.0
3895167,2023-12-10,Bundesliga,Bayer Leverkusen,VfB Stuttgart,38004,Piero Martín Hincapié Reyna,MID,Left Defensive Midfield,11.38,0,D,0,0.0,0,0.0684,0,9.0,8.0,0.0,0.0,2.0,0,0,1.0,5.0,0.0,1.0,1.0
3895167,2023-12-10,Bundesliga,Bayer Leverkusen,VfB Stuttgart,40724,Florian Wirtz,FWD,Right Wing,95.13,1,D,1.0,0.0,0.5659,0.0778,2.0,79.0,67.0,9.0,5.0,27.0,8.0,1.0,5.0,75.0,13.0,10.0,9.0
3895180,2023-12-17,Bundesliga,Bayer Leverkusen,Eintracht Frankfurt,3500,Granit Xhaka,MID,Right Defensive Midfield,95.93,1,W,0.0,0.0,0.0241,0,1.0,115.0,110.0,11.0,5.0,13.0,9.0,0,1.0,80.0,1.0,0.0,11.0
3895180,2023-12-17,Bundesliga,Bayer Leverkusen,Eintracht Frankfurt,7044,Patrik Schick,FWD,Center Forward,24.55,0,W,0.0,0.0,0.087,0,1.0,5.0,4.0,0.0,0.0,8.0,0,0,0,2.0,1.0,0.0,0.0
3895180,2023-12-17,Bundesliga,Bayer Leverkusen,Eintracht Frankfurt,8221,Jonathan Tah,DEF,Center Back,95.93,1,W,0,0.0,0,0,0,81.0,76.0,8.0,6.0,5.0,5.0,2.0,1.0,64.0,1.0,3.0,8.0
3895180,2023-12-17,Bundesliga,Bayer Leverkusen,Eintracht Frankfurt,8403,Nadiem Amiri,MID,Left Attacking Midfield,8.95,0,W,0,0.0,0,0,0,4.0,4.0,1.0,0.0,1.0,0,0,0,5.0,0.0,1.0,1.0
3895180,2023-12-17,Bundesliga,Bayer Leverkusen,Eintracht Frankfurt,8667,Lukáš Hrádecký,GK,Goalkeeper,95.93,1,W,0,0.0,0,0,0,35.0,29.0,0.0,0.0,0,4.0,0,0,25.0,0.0,0.0,0.0
3895180,2023-12-17,Bundesliga,Bayer Leverkusen,Eintracht Frankfurt,8804,Jonas Hofmann,MID,Right Attacking Midfield,82.47,1,W,0,0.0,0,0,0,70.0,55.0,7.0,3.0,32.0,5.0,1.0,1.0,53.0,2.0,5.0,7.0
3895180,2023-12-17,Bundesliga,Bayer Leverkusen,Eintracht Frankfurt,10336,Alejandro Grimaldo García,DEF,Left Wing Back,95.93,1,W,0.0,0.0,0.1443,0.2198,2.0,47.0,40.0,3.0,1.0,14.0,10.0,2.0,2.0,35.0,1.0,3.0,3.0
3895180,2023-12-17,Bundesliga,Bayer Leverkusen,Eintracht Frankfurt,27133,Odilon Kossonou,DEF,Right Center Back,95.93,1,W,0.0,0.0,0.1071,0,1.0,78.0,71.0,10.0,3.0,8.0,5.0,2.0,3.0,64.0,3.0,4.0,10.0
3895180,2023-12-17,Bundesliga,Bayer Leverkusen,Eintracht Frankfurt,28239,Adam Hložek,MID,Right Attacking Midfield,13.47,0,W,0,0.0,0,0,0,8.0,7.0,1.0,1.0,3.0,0,0,0,5.0,0.0,0.0,1.0
3895180,2023-12-17,Bundesliga,Bayer Leverkusen,Eintracht Frankfurt,28268,Exequiel Alejandro Palacios,MID,Left Defensive Midfield,82.02,1,W,0,0.0,0,0.1419,0,110.0,100.0,8.0,6.0,11.0,10.0,1.0,3.0,94.0,1.0,6.0,8.0
3895180,2023-12-17,Bundesliga,Bayer Leverkusen,Eintracht Frankfurt,30606,Edmond Fayçal Tapsoba,DEF,Left Center Back,95.93,1,W,0.0,0.0,0.2198,0,1.0,88.0,84.0,5.0,1.0,11.0,3.0,2.0,2.0,76.0,4.0,0.0,5.0
3895180,2023-12-17,Bundesliga,Bayer Leverkusen,Eintracht Frankfurt,32289,Victor Okoh Boniface,FWD,Center Forward,71.38,1,W,1.0,1.0,0.1942,0.3294,2.0,9.0,6.0,1.0,2.0,19.0,1.0,0,0,18.0,3.0,1.0,1.0
3895180,2023-12-17,Bundesliga,Bayer Leverkusen,Eintracht Frankfurt,32712,Jeremie Frimpong,DEF,Right Wing Back,82.05,1,W,1.0,0.0,0.9111,0.174,1.0,51.0,35.0,1.0,1.0,10.0,4.0,0,1.0,40.0,4.0,3.0,2.0
3895180,2023-12-17,Bundesliga,Bayer Leverkusen,Eintracht Frankfurt,38004,Piero Martín Hincapié Reyna,MID,Left Defensive Midfield,13.92,0,W,0.0,0.0,0.5212,0,1.0,8.0,7.0,0.0,1.0,2.0,0,0,1.0,5.0,0.0,0.0,0.0
3895180,2023-12-17,Bundesliga,Bayer Leverkusen,Eintracht Frankfurt,40724,Florian Wirtz,MID,Left Attacking Midfield,86.98,1,W,1.0,1.0,0.5443,0.1595,4.0,61.0,49.0,9.0,4.0,30.0,10.0,2.0,0,54.0,10.0,6.0,10.0
3895180,2023-12-17,Bundesliga,Bayer Leverkusen,Eintracht Frankfurt,41411,Nathan Tella,DEF,Right Wing Back,13.88,0,W,0,0.0,0,0.5212,0,9.0,6.0,1.0,0.0,1.0,1.0,0,0,8.0,2.0,2.0,2.0
3895182,2023-12-20,Bundesliga,Bayer Leverkusen,Bochum,3500,Granit Xhaka,MID,Right Defensive Midfield,94.07,1,W,0,0.0,0,0,0,108.0,94.0,13.0,6.0,11.0,12.0,0,1.0,90.0,3.0,6.0,13.0
3895182,2023-12-20,Bundesliga,Bayer Leverkusen,Bochum,7044,Patrik Schick,FWD,Center Forward,66.7,1,W,3.0,0.0,1.3686,0.0777,4.0,23.0,17.0,1.0,1.0,8.0,1.0,0,0,18.0,0.0,1.0,2.0
3895182,2023-12-20,Bundesliga,Bayer Leverkusen,Bochum,8221,Jonathan Tah,DEF,Center Back,66.8,1,W,0,0.0,0,0,0,71.0,66.0,7.0,5.0,7.0,3.0,1.0,1.0,49.0,2.0,2.0,7.0
3895182,2023-12-20,Bundesliga,Bayer Leverkusen,Bochum,8403,Nadiem Amiri,MID,Right Attacking Midfield,7.4,0,W,0,0.0,0,0,0,4.0,3.0,1.0,1.0,1.0,1.0,0,0,5.0,1.0,0.0,1.0
3895182,2023-12-20,Bundesliga,Bayer Leverkusen,Bochum,8667,Lukáš Hrádecký,GK,Goalkeeper,94.07,1,W,0,0.0,0,0,0,30.0,22.0,0.0,0.0,0,4.0,0,0,16.0,0.0,0.0,0.0
3895182,2023-12-20,Bundesliga,Bayer Leverkusen,Bochum,8804,Jonas Hofmann,MID,Right Attacking Midfield,72.53,1,W,0.0,0.0,0.1343,0.5595,2.0,40.0,33.0,3.0,3.0,14.0,0,1.0,1.0,33.0,4.0,2.0,5.0
3895182,2023-12-20,Bundesliga,Bayer Leverkusen,Bochum,9195,Robert Andrich,MID,Left Defensive Midfield,94.07,1,W,0,0.0,0,0,0,92.0,79.0,6.0,5.0,18.0,4.0,0,3.0,60.0,2.0,6.0,6.0
3895182,2023-12-20,Bundesliga,Bayer Leverkusen,Bochum,10336,Alejandro Grimaldo García,DEF,Left Wing Back,94.07,1,W,0.0,1.0,0.4564,0.6551,1.0,72.0,64.0,5.0,1.0,5.0,7.0,0,0,61.0,2.0,3.0,8.0
3895182,2023-12-20,Bundesliga,Bayer Leverkusen,Bochum,28239,Adam Hložek,MID,Right Attacking Midfield,21.53,0,W,0.0,0.0,0.4517,0,2.0,7.0,6.0,1.0,0.0,10.0,0,0,0,7.0,1.0,0.0,1.0
3895182,2023-12-20,Bundesliga,Bayer Leverkusen,Bochum,30606,Edmond Fayçal Tapsoba,DEF,Center Back,27.27,0,W,0.0,0.0,0.1281,0,1.0,33.0,31.0,5.0,0.0,3.0,0,0,1.0,27.0,1.0,0.0,5.0
3895182,2023-12-20,Bundesliga,Bayer Leverkusen,Bochum,32289,Victor Okoh Boniface,FWD,Center Forward,27.37,0,W,1.0,0.0,0.3441,0.1571,1.0,6.0,5.0,0.0,0.0,8.0,1.0,0,0,7.0,0.0,0.0,2.0
3895182,2023-12-20,Bundesliga,Bayer Leverkusen,Bochum,32712,Jeremie Frimpong,DEF,Right Wing Back,94.07,1,W,0.0,1.0,0.2053,0.639,2.0,50.0,39.0,5.0,3.0,13.0,3.0,0,0,37.0,8.0,3.0,8.0
3895182,2023-12-20,Bundesliga,Bayer Leverkusen,Bochum,38004,Piero Martín Hincapié Reyna,DEF,Left Center Back,72.57,1,W,0.0,0.0,0.1509,0,1.0,60.0,58.0,1.0,0.0,8.0,5.0,1.0,1.0,45.0,1.0,1.0,1.0
3895182,2023-12-20,Bundesliga,Bayer Leverkusen,Bochum,40724,Florian Wirtz,MID,Left Attacking Midfield,86.67,1,W,0.0,1.0,0.1064,0.4007,1.0,69.0,57.0,7.0,5.0,21.0,4.0,0,1.0,56.0,3.0,7.0,8.0
3895182,2023-12-20,Bundesliga,Bayer Leverkusen,Bochum,49337,Josip Stanišić,DEF,Right Center Back,94.07,1,W,0,0.0,0,0.1281,0,104.0,95.0,13.0,8.0,14.0,4.0,2.0,1.0,80.0,4.0,6.0,14.0
3895182,2023-12-20,Bundesliga,Bayer Leverkusen,Bochum,261630,Gustavo Adolfo Puerta Molano,DEF,Left Center Back,21.5,0,W,0.0,0.0,0.0549,0,1.0,17.0,17.0,1.0,0.0,6.0,0,1.0,2.0,14.0,0.0,0.0,1.0
3895194,2024-01-13,Bundesliga,Bayer Leverkusen,Augsburg,3500,Granit Xhaka,MID,Right Defensive Midfield,95.93,1,W,0.0,0.0,0.1056,0.0798,3.0,122.0,113.0,24.0,16.0,5.0,10.0,0,1.0,111.0,6.0,12.0,27.0
3895194,2024-01-13,Bundesliga,Bayer Leverkusen,Augsburg,7044,Patrik Schick,FWD,Center Forward,95.93,1,W,0.0,0.0,0.4482,0,4.0,13.0,11.0,0.0,1.0,16.0,3.0,0,0,21.0,2.0,0.0,0.0
3895194,2024-01-13,Bundesliga,Bayer Leverkusen,Augsburg,8667,Lukáš Hrádecký,GK,Goalkeeper,95.93,1,W,0,0.0,0,0,0,22.0,21.0,0.0,0.0,1.0,2.0,0,0,12.0,0.0,0.0,0.0
3895194,2024-01-13,Bundesliga,Bayer Leverkusen,Augsburg,8804,Jonas Hofmann,MID,Right Attacking Midfield,95.93,1,W,0.0,0.0,0.1579,0.3919,2.0,94.0,78.0,5.0,4.0,16.0,5.0,0,0,81.0,1.0,7.0,9.0
3895194,2024-01-13,Bundesliga,Bayer Leverkusen,Augsburg,9195,Robert Andrich,DEF,Center Back,95.93,1,W,0.0,0.0,0.1313,0,1.0,90.0,85.0,6.0,6.0,10.0,3.0,1.0,1.0,66.0,0.0,0.0,6.0
3895194,2024-01-13,Bundesliga,Bayer Leverkusen,Augsburg,10336,Alejandro Grimaldo García,DEF,Left Wing Back,95.93,1,W,0.0,1.0,0.1287,0.3447,3.0,92.0,75.0,4.0,3.0,7.0,4.0,0,1.0,72.0,2.0,2.0,8.0
3895194,2024-01-13,Bundesliga,Bayer Leverkusen,Augsburg,28239,Adam Hložek,MID,Left Attacking Midfield,61.25,1,W,0.0,0.0,0.0945,0.1236,2.0,17.0,15.0,0.0,0.0,7.0,0,0,1.0,19.0,1.0,0.0,1.0
3895194,2024-01-13,Bundesliga,Bayer Leverkusen,Augsburg,28268,Exequiel Alejandro Palacios,MID,Left Defensive Midfield,95.93,1,W,1.0,0.0,0.1671,0.0935,4.0,112.0,108.0,16.0,10.0,10.0,11.0,0,3.0,107.0,4.0,9.0,19.0
3895194,2024-01-13,Bundesliga,Bayer Leverkusen,Augsburg,32712,Jeremie Frimpong,DEF,Right Wing Back,95.93,1,W,0.0,0.0,0.0911,0.2308,2.0,76.0,59.0,1.0,1.0,13.0,6.0,1.0,1.0,69.0,11.0,1.0,5.0
3895194,2024-01-13,Bundesliga,Bayer Leverkusen,Augsburg,38004,Piero Martín Hincapié Reyna,DEF,Left Center Back,95.93,1,W,0.0,0.0,0.1083,0,2.0,84.0,74.0,8.0,7.0,12.0,5.0,0,0,66.0,3.0,2.0,8.0
3895194,2024-01-13,Bundesliga,Bayer Leverkusen,Augsburg,40724,Florian Wirtz,MID,Left Attacking Midfield,34.68,0,W,0.0,0.0,0.1429,0,2.0,37.0,31.0,2.0,1.0,7.0,4.0,0,1.0,37.0,0.0,2.0,2.0
3895194,2024-01-13,Bundesliga,Bayer Leverkusen,Augsburg,49337,Josip Stanišić,DEF,Right Center Back,95.93,1,W,0,0.0,0,0.0668,0,93.0,87.0,17.0,18.0,14.0,6.0,0,2.0,71.0,7.0,7.0,18.0
3895202,2024-01-20,Bundesliga,Bayer Leverkusen,RB Leipzig,3500,Granit Xhaka,MID,Right Defensive Midfield,94.38,1,W,0.0,0.0,0.029,0.0233,1.0,88.0,82.0,13.0,7.0,7.0,9.0,0,2.0,81.0,2.0,6.0,14.0
3895202,2024-01-20,Bundesliga,Bayer Leverkusen,RB Leipzig,7044,Patrik Schick,FWD,Center Forward,91.52,1,W,0.0,0.0,0.177,0.0536,3.0,26.0,21.0,2.0,0.0,14.0,2.0,0,0,18.0,0.0,0.0,3.0
3895202,2024-01-20,Bundesliga,Bayer Leverkusen,RB Leipzig,8221,Jonathan Tah,DEF,Center Back,94.38,1,W,1.0,0.0,0.1832,0.0394,1.0,85.0,80.0,2.0,1.0,9.0,3.0,0,1.0,70.0,1.0,0.0,3.0
3895202,2024-01-20,Bundesliga,Bayer Leverkusen,RB Leipzig,8667,Lukáš Hrádecký,GK,Goalkeeper,94.38,1,W,0,0.0,0,0,0,18.0,14.0,2.0,0.0,0,0,0,0,11.0,0.0,0.0,2.0
3895202,2024-01-20,Bundesliga,Bayer Leverkusen,RB Leipzig,8804,Jonas Hofmann,MID,Right Attacking Midfield,94.38,1,W,0.0,1.0,0.0233,0.3204,1.0,58.0,42.0,5.0,2.0,15.0,4.0,0,0,44.0,4.0,3.0,8.0
3895202,2024-01-20,Bundesliga,Bayer Leverkusen,RB Leipzig,9195,Robert Andrich,MID,Left Defensive Midfield,7.28,0,W,0,0.0,0,0,0,1.0,1.0,1.0,0.0,2.0,0,0,0,0,0,0.0,1.0
3895202,2024-01-20,Bundesliga,Bayer Leverkusen,RB Leipzig,10336,Alejandro Grimaldo García,DEF,Left Wing Back,94.38,1,W,0.0,2.0,0.0689,1.1493,2.0,71.0,62.0,7.0,3.0,9.0,3.0,1.0,1.0,56.0,3.0,7.0,12.0
3895202,2024-01-20,Bundesliga,Bayer Leverkusen,RB Leipzig,28239,Adam Hložek,FWD,Center Forward,2.87,0,W,0,0.0,0,0,0,1.0,1.0,0.0,0.0,1.0,1.0,0,0,1.0,0.0,0.0,0.0
3895202,2024-01-20,Bundesliga,Bayer Leverkusen,RB Leipzig,28268,Exequiel Alejandro Palacios,MID,Left Defensive Midfield,87.1,1,W,0.0,0.0,0.0457,0.069,1.0,89.0,78.0,9.0,9.0,16.0,6.0,2.0,4.0,79.0,1.0,3.0,9.0
3895202,2024-01-20,Bundesliga,Bayer Leverkusen,RB Leipzig,32712,Jeremie Frimpong,DEF,Right Wing Back,30.65,1,W,0,0.0,0,0,0,12.0,10.0,0.0,0.0,9.0,1.0,1.0,0,10.0,2.0,0.0,0.0
3895202,2024-01-20,Bundesliga,Bayer Leverkusen,RB Leipzig,38004,Piero Martín Hincapié Reyna,DEF,Left Center Back,94.38,1,W,1.0,0.0,0.3327,0,4.0,76.0,72.0,15.0,6.0,10.0,3.0,0,4.0,66.0,2.0,5.0,15.0
3895202,2024-01-20,Bundesliga,Bayer Leverkusen,RB Leipzig,40724,Florian Wirtz,MID,Left Attacking Midfield,94.38,1,W,0.0,0.0,0.1696,0.1267,3.0,55.0,48.0,2.0,4.0,27.0,4.0,0,2.0,60.0,5.0,4.0,3.0
3895202,2024-01-20,Bundesliga,Bayer Leverkusen,RB Leipzig,41411,Nathan Tella,DEF,Right Wing Back,63.73,0,W,1.0,0.0,0.7886,0,1.0,28.0,25.0,4.0,3.0,14.0,1.0,0,4.0,24.0,2.0,2.0,4.0
3895202,2024-01-20,Bundesliga,Bayer Leverkusen,RB Leipzig,49337,Josip Stanišić,DEF,Right Center Back,94.38,1,W,0.0,0.0,0.0624,0,1.0,67.0,62.0,6.0,2.0,16.0,4.0,0,2.0,61.0,3.0,4.0,6.0
3895210,2024-01-27,Bundesliga,Bayer Leverkusen,Borussia Mönchengladbach,3500,Granit Xhaka,MID,Right Defensive Midfield,94.47,1,D,0.0,0.0,0.0194,0.0459,1.0,159.0,142.0,22.0,17.0,19.0,10.0,2.0,2.0,139.0,4.0,14.0,23.0
3895210,2024-01-27,Bundesliga,Bayer Leverkusen,Borussia Mönchengladbach,7044,Patrik Schick,FWD,Center Forward,94.47,1,D,0.0,0.0,0.3333,0.5406,3.0,30.0,28.0,2.0,1.0,15.0,1.0,1.0,0,34.0,0.0,1.0,5.0
3895210,2024-01-27,Bundesliga,Bayer Leverkusen,Borussia Mönchengladbach,8403,Nadiem Amiri,MID,Left Defensive Midfield,66.93,1,D,0.0,0.0,0.0359,0.0342,2.0,80.0,78.0,4.0,8.0,9.0,1.0,1.0,1.0,74.0,4.0,1.0,5.0
3895210,2024-01-27,Bundesliga,Bayer Leverkusen,Borussia Mönchengladbach,8804,Jonas Hofmann,FWD,Right Wing,83.18,1,D,0.0,0.0,0.3341,0.0906,5.0,84.0,70.0,3.0,0.0,28.0,5.0,0,1.0,76.0,5.0,3.0,6.0
3895210,2024-01-27,Bundesliga,Bayer Leverkusen,Borussia Mönchengladbach,9195,Robert Andrich,DEF,Center Back,94.47,1,D,0.0,0.0,0.0259,0.034,1.0,144.0,134.0,32.0,22.0,9.0,15.0,0,1.0,125.0,6.0,11.0,33.0
3895210,2024-01-27,Bundesliga,Bayer Leverkusen,Borussia Mönchengladbach,10336,Alejandro Grimaldo García,DEF,Left Wing Back,94.47,1,D,0.0,0.0,0.2172,0.1752,3.0,93.0,81.0,5.0,3.0,15.0,7.0,0,1.0,91.0,3.0,6.0,8.0
3895210,2024-01-27,Bundesliga,Bayer Leverkusen,Borussia Mönchengladbach,28239,Adam Hložek,FWD,Right Wing,11.28,0,D,0.0,0.0,0.1178,0,2.0,2.0,1.0,0.0,0.0,4.0,0,0,1.0,4.0,0.0,0.0,0.0
3895210,2024-01-27,Bundesliga,Bayer Leverkusen,Borussia Mönchengladbach,32712,Jeremie Frimpong,DEF,Right Wing Back,94.47,1,D,0.0,0.0,0.3724,0.279,2.0,49.0,41.0,3.0,0.0,11.0,6.0,1.0,2.0,45.0,9.0,2.0,5.0
3895210,2024-01-27,Bundesliga,Bayer Leverkusen,Borussia Mönchengladbach,38004,Piero Martín Hincapié Reyna,DEF,Left Center Back,94.47,1,D,0,0.0,0,0.0648,0,120.0,115.0,15.0,12.0,13.0,3.0,2.0,1.0,109.0,5.0,5.0,16.0
3895210,2024-01-27,Bundesliga,Bayer Leverkusen,Borussia Mönchengladbach,40724,Florian Wirtz,FWD,Left Wing,94.47,1,D,0.0,0.0,0.5242,0.7351,4.0,84.0,76.0,8.0,5.0,26.0,5.0,0,1.0,83.0,4.0,6.0,12.0
3895210,2024-01-27,Bundesliga,Bayer Leverkusen,Borussia Mönchengladbach,41411,Nathan Tella,MID,Left Defensive Midfield,27.53,0,D,0.0,0.0,0.4486,0.0695,2.0,23.0,18.0,2.0,1.0,3.0,2.0,0,1.0,23.0,2.0,3.0,2.0
3895210,2024-01-27,Bundesliga,Bayer Leverkusen,Borussia Mönchengladbach,46046,Matěj Kovář,GK,Goalkeeper,94.47,1,D,0,0.0,0,0,0,17.0,17.0,0.0,0.0,0,2.0,0,0,13.0,0.0,0.0,0.0
3895210,2024-01-27,Bundesliga,Bayer Leverkusen,Borussia Mönchengladbach,49337,Josip Stanišić,DEF,Right Center Back,94.47,1,D,0.0,0.0,0.1324,0,3.0,117.0,108.0,12.0,14.0,8.0,8.0,0,1.0,111.0,13.0,6.0,12.0
3895220,2024-02-03,Bundesliga,Bayer Leverkusen,Darmstadt 98,3500,Granit Xhaka,MID,Left Defensive Midfield,88.1,1,W,0,0.0,0,0.5876,0,137.0,128.0,23.0,17.0,8.0,3.0,0,3.0,114.0,3.0,15.0,26.0
3895220,2024-02-03,Bundesliga,Bayer Leverkusen,Darmstadt 98,8221,Jonathan Tah,DEF,Center Back,94.13,1,W,0.0,0.0,0.086,0,1.0,111.0,107.0,5.0,4.0,8.0,2.0,0,0,92.0,1.0,1.0,5.0
3895220,2024-02-03,Bundesliga,Bayer Leverkusen,Darmstadt 98,8667,Lukáš Hrádecký,GK,Goalkeeper,94.13,1,W,0,0.0,0,0,0,40.0,32.0,1.0,0.0,0,3.0,0,0,19.0,0.0,0.0,1.0
3895220,2024-02-03,Bundesliga,Bayer Leverkusen,Darmstadt 98,8804,Jonas Hofmann,MID,Left Attacking Midfield,18.18,0,W,0,0.0,0,0,0,13.0,13.0,3.0,2.0,5.0,1.0,0,0,13.0,1.0,1.0,3.0
3895220,2024-02-03,Bundesliga,Bayer Leverkusen,Darmstadt 98,9195,Robert Andrich,MID,Right Defensive Midfield,94.13,1,W,0.0,0.0,0.147,0,2.0,92.0,85.0,5.0,1.0,11.0,3.0,1.0,1.0,59.0,2.0,2.0,5.0
3895220,2024-02-03,Bundesliga,Bayer Leverkusen,Darmstadt 98,10336,Alejandro Grimaldo García,DEF,Left Wing Back,94.13,1,W,0,1.0,0,0.4682,0,75.0,59.0,3.0,1.0,4.0,5.0,0,2.0,56.0,2.0,5.0,8.0
3895220,2024-02-03,Bundesliga,Bayer Leverkusen,Darmstadt 98,11391,Borja Iglesias Quintas,FWD,Center Forward,94.13,1,W,0.0,0.0,0.7344,0.1471,3.0,28.0,23.0,2.0,2.0,11.0,2.0,0,1.0,21.0,1.0,1.0,3.0
3895220,2024-02-03,Bundesliga,Bayer Leverkusen,Darmstadt 98,28239,Adam Hložek,MID,Right Attacking Midfield,92.02,1,W,0.0,0.0,0.3623,0.1101,4.0,21.0,18.0,1.0,0.0,18.0,6.0,0,1.0,33.0,1.0,2.0,3.0
3895220,2024-02-03,Bundesliga,Bayer Leverkusen,Darmstadt 98,30606,Edmond Fayçal Tapsoba,MID,Left Defensive Midfield,6.03,0,W,0,0.0,0,0,0,6.0,4.0,1.0,1.0,0,1.0,0,0,6.0,1.0,1.0,1.0
3895220,2024-02-03,Bundesliga,Bayer Leverkusen,Darmstadt 98,38004,Piero Martín Hincapié Reyna,DEF,Left Center Back,94.13,1,W,0.0,0.0,0.0433,0,1.0,105.0,96.0,13.0,6.0,12.0,6.0,0,3.0,95.0,5.0,1.0,13.0
3895220,2024-02-03,Bundesliga,Bayer Leverkusen,Darmstadt 98,40724,Florian Wirtz,MID,Left Attacking Midfield,75.95,1,W,0.0,1.0,0.1847,0.1601,2.0,65.0,57.0,4.0,2.0,16.0,3.0,3.0,0,56.0,6.0,0.0,5.0
3895220,2024-02-03,Bundesliga,Bayer Leverkusen,Darmstadt 98,41411,Nathan Tella,DEF,Right Wing Back,94.13,1,W,2.0,0.0,0.3113,0.126,5.0,31.0,26.0,2.0,1.0,15.0,6.0,1.0,2.0,32.0,2.0,2.0,4.0
3895220,2024-02-03,Bundesliga,Bayer Leverkusen,Darmstadt 98,49337,Josip Stanišić,DEF,Right Center Back,94.13,1,W,0.0,0.0,0.083,0.1762,2.0,78.0,67.0,6.0,3.0,11.0,7.0,0,4.0,66.0,1.0,1.0,6.0
3895220,2024-02-03,Bundesliga,Bayer Leverkusen,Darmstadt 98,114833,Noah Mbamba,FWD,Left Wing,2.12,0,W,0,0.0,0,0,0,1.0,1.0,0.0,0.0,0,1.0,0,0,3.0,0.0,0.0,0.0
3895232,2024-02-10,Bundesliga,Bayer Leverkusen,Bayern Munich,3500,Granit Xhaka,MID,Right Defensive Midfield,95.68,1,W,0.0,0.0,0.0206,0.0869,1.0,56.0,50.0,5.0,2.0,13.0,6.0,2.0,0,44.0,1.0,2.0,7.0
3895232,2024-02-10,Bundesliga,Bayer Leverkusen,Bayern Munich,8221,Jonathan Tah,DEF,Center Back,95.68,1,W,0.0,0.0,0.0481,0,1.0,35.0,33.0,3.0,2.0,5.0,2.0,1.0,0,28.0,1.0,0.0,3.0
3895232,2024-02-10,Bundesliga,Bayer Leverkusen,Bayern Munich,8667,Lukáš Hrádecký,GK,Goalkeeper,95.68,1,W,0,0.0,0,0,0,32.0,20.0,2.0,0.0,0,4.0,0,0,16.0,0.0,0.0,2.0
3895232,2024-02-10,Bundesliga,Bayer Leverkusen,Bayern Munich,8804,Jonas Hofmann,MID,Left Attacking Midfield,13.28,0,W,0,0.0,0,0,0,8.0,7.0,1.0,1.0,6.0,0,0,0,5.0,0.0,1.0,1.0
3895232,2024-02-10,Bundesliga,Bayer Leverkusen,Bayern Munich,9195,Robert Andrich,MID,Left Defensive Midfield,95.68,1,W,0.0,1.0,0.0496,0.3248,1.0,35.0,31.0,2.0,2.0,23.0,1.0,2.0,3.0,24.0,1.0,2.0,3.0
3895232,2024-02-10,Bundesliga,Bayer Leverkusen,Bayern Munich,10336,Alejandro Grimaldo García,DEF,Left Wing Back,89.32,1,W,1.0,0.0,0.1556,0.0977,1.0,46.0,39.0,3.0,0.0,10.0,2.0,1.0,0,26.0,2.0,3.0,5.0
3895232,2024-02-10,Bundesliga,Bayer Leverkusen,Bayern Munich,28239,Adam Hložek,FWD,Center Forward,6.3,0,W,0,0,0,0,0,0,0,0,0,1.0,0,0,0,1.0,0.0,0,0
3895232,2024-02-10,Bundesliga,Bayer Leverkusen,Bayern Munich,30606,Edmond Fayçal Tapsoba,DEF,Right Center Back,95.68,1,W,0,1.0,0,0.0619,0,50.0,40.0,2.0,0.0,7.0,3.0,3.0,1.0,41.0,2.0,0.0,4.0
3895232,2024-02-10,Bundesliga,Bayer Leverkusen,Bayern Munich,32712,Jeremie Frimpong,MID,Right Attacking Midfield,31.25,0,W,1.0,0.0,0.1133,0,3.0,2.0,2.0,0.0,0.0,8.0,0,0,0,6.0,2.0,0.0,0.0
3895232,2024-02-10,Bundesliga,Bayer Leverkusen,Bayern Munich,33401,Amine Adli,MID,Left Attacking Midfield,82.4,1,W,0.0,0.0,0.1206,0,2.0,33.0,24.0,1.0,1.0,37.0,1.0,3.0,0,33.0,1.0,0.0,1.0
3895232,2024-02-10,Bundesliga,Bayer Leverkusen,Bayern Munich,38004,Piero Martín Hincapié Reyna,DEF,Left Center Back,95.68,1,W,0.0,0.0,0.0285,0.0854,1.0,45.0,36.0,4.0,4.0,26.0,3.0,5.0,4.0,41.0,4.0,5.0,4.0
3895232,2024-02-10,Bundesliga,Bayer Leverkusen,Bayern Munich,40724,Florian Wirtz,FWD,Center Forward,89.38,1,W,0.0,0.0,0.0773,0,1.0,55.0,46.0,2.0,3.0,40.0,6.0,0,3.0,49.0,4.0,5.0,2.0
3895232,2024-02-10,Bundesliga,Bayer Leverkusen,Bayern Munich,41411,Nathan Tella,MID,Right Attacking Midfield,64.43,1,W,0.0,1.0,0.0955,0.2236,2.0,15.0,11.0,1.0,0.0,16.0,1.0,0,0,15.0,2.0,1.0,2.0
3895232,2024-02-10,Bundesliga,Bayer Leverkusen,Bayern Munich,49337,Josip Stanišić,DEF,Right Wing Back,95.68,1,W,1.0,0.0,0.3248,0.0456,1.0,40.0,32.0,3.0,3.0,26.0,3.0,2.0,3.0,34.0,2.0,1.0,4.0
3895232,2024-02-10,Bundesliga,Bayer Leverkusen,Bayern Munich,261630,Gustavo Adolfo Puerta Molano,DEF,Left Wing Back,6.37,0,W,0,0.0,0,0,0,1.0,1.0,0.0,0.0,1.0,1.0,0,0,1.0,0.0,0.0,0.0
3895244,2024-02-17,Bundesliga,Bayer Leverkusen,FC Heidenheim,3500,Granit Xhaka,MID,Left Defensive Midfield,95.28,1,W,0.0,0.0,0.0477,0.0235,1.0,86.0,75.0,11.0,5.0,4.0,6.0,0,0,63.0,2.0,5.0,12.0
3895244,2024-02-17,Bundesliga,Bayer Leverkusen,FC Heidenheim,7044,Patrik Schick,FWD,Right Center Forward,72.88,1,W,0.0,0.0,0.1279,0.0645,2.0,22.0,19.0,2.0,1.0,15.0,4.0,0,0,20.0,2.0,2.0,2.0
3895244,2024-02-17,Bundesliga,Bayer Leverkusen,FC Heidenheim,8221,Jonathan Tah,DEF,Center Back,95.28,1,W,0,0.0,0,0,0,57.0,51.0,5.0,1.0,4.0,3.0,0,1.0,37.0,1.0,1.0,5.0
3895244,2024-02-17,Bundesliga,Bayer Leverkusen,FC Heidenheim,8667,Lukáš Hrádecký,GK,Goalkeeper,95.28,1,W,0,0.0,0,0,0,44.0,25.0,5.0,1.0,0,4.0,0,0,25.0,0.0,0.0,5.0
3895244,2024-02-17,Bundesliga,Bayer Leverkusen,FC Heidenheim,8804,Jonas Hofmann,MID,Center Attacking Midfield,7.97,0,W,0,0.0,0,0,0,4.0,2.0,0.0,0.0,6.0,1.0,0,0,5.0,1.0,0.0,0.0
3895244,2024-02-17,Bundesliga,Bayer Leverkusen,FC Heidenheim,9195,Robert Andrich,MID,Right Defensive Midfield,95.28,1,W,0.0,0.0,0.098,0,2.0,65.0,59.0,4.0,3.0,18.0,7.0,0,3.0,47.0,1.0,3.0,4.0
3895244,2024-02-17,Bundesliga,Bayer Leverkusen,FC Heidenheim,10336,Alejandro Grimaldo García,DEF,Left Wing Back,95.28,1,W,0.0,0.0,0.0542,0.4364,1.0,84.0,61.0,13.0,6.0,16.0,5.0,2.0,4.0,55.0,3.0,8.0,18.0
3895244,2024-02-17,Bundesliga,Bayer Leverkusen,FC Heidenheim,11391,Borja Iglesias Quintas,FWD,Right Center Forward,22.4,0,W,0.0,0.0,0.0249,0.1402,1.0,11.0,10.0,1.0,0.0,6.0,3.0,1.0,0,13.0,0.0,0.0,2.0
3895244,2024-02-17,Bundesliga,Bayer Leverkusen,FC Heidenheim,30606,Edmond Fayçal Tapsoba,FWD,Left Center Forward,8.02,0,W,0,0,0,0,0,0,0,0,0,0,0,0,0,0,0,0,0
3895244,2024-02-17,Bundesliga,Bayer Leverkusen,FC Heidenheim,32712,Jeremie Frimpong,DEF,Right Wing Back,88.15,1,W,1.0,0.0,0.4537,0.0407,6.0,35.0,29.0,2.0,0.0,9.0,7.0,1.0,1.0,38.0,5.0,2.0,3.0
3895244,2024-02-17,Bundesliga,Bayer Leverkusen,FC Heidenheim,33401,Amine Adli,FWD,Left Center Forward,87.27,1,W,1.0,0.0,0.7494,0.1381,2.0,46.0,38.0,2.0,1.0,30.0,5.0,0,3.0,44.0,6.0,3.0,4.0
3895244,2024-02-17,Bundesliga,Bayer Leverkusen,FC Heidenheim,38004,Piero Martín Hincapié Reyna,DEF,Left Center Back,95.28,1,W,0.0,0.0,0.0232,0,1.0,84.0,69.0,10.0,3.0,12.0,4.0,2.0,4.0,60.0,2.0,4.0,10.0
3895244,2024-02-17,Bundesliga,Bayer Leverkusen,FC Heidenheim,40724,Florian Wirtz,MID,Center Attacking Midfield,87.32,1,W,0.0,1.0,0.2401,0.7305,2.0,66.0,52.0,14.0,5.0,26.0,7.0,0,1.0,66.0,10.0,13.0,17.0
3895244,2024-02-17,Bundesliga,Bayer Leverkusen,FC Heidenheim,41411,Nathan Tella,DEF,Right Wing Back,7.13,0,W,0,0.0,0,0,0,2.0,2.0,0.0,0.0,4.0,0,0,1.0,2.0,0.0,0.0,0.0
3895244,2024-02-17,Bundesliga,Bayer Leverkusen,FC Heidenheim,49337,Josip Stanišić,DEF,Right Center Back,95.28,1,W,0,0.0,0,0,0,56.0,46.0,6.0,2.0,12.0,7.0,0,2.0,42.0,2.0,5.0,6.0
3895250,2024-02-23,Bundesliga,Bayer Leverkusen,FSV Mainz 05,3500,Granit Xhaka,MID,Right Defensive Midfield,94.17,1,W,1.0,0.0,0.0517,0.0974,2.0,109.0,102.0,21.0,9.0,7.0,5.0,0,0,90.0,3.0,10.0,21.0
3895250,2024-02-23,Bundesliga,Bayer Leverkusen,FSV Mainz 05,7044,Patrik Schick,MID,Right Attacking Midfield,38.38,0,W,0,0.0,0,0,0,7.0,5.0,0.0,0.0,7.0,1.0,0,0,7.0,0.0,0.0,0.0
3895250,2024-02-23,Bundesliga,Bayer Leverkusen,FSV Mainz 05,8221,Jonathan Tah,DEF,Center Back,94.17,1,W,0,0.0,0,0,0,66.0,66.0,6.0,7.0,12.0,4.0,1.0,0,54.0,2.0,2.0,6.0
3895250,2024-02-23,Bundesliga,Bayer Leverkusen,FSV Mainz 05,8667,Lukáš Hrádecký,GK,Goalkeeper,94.17,1,W,0,0.0,0,0,0,29.0,20.0,1.0,0.0,0,2.0,0,0,14.0,0.0,0.0,1.0
3895250,2024-02-23,Bundesliga,Bayer Leverkusen,FSV Mainz 05,8804,Jonas Hofmann,MID,Right Attacking Midfield,55.78,1,W,0.0,0.0,0.5533,0.0376,4.0,36.0,25.0,1.0,0.0,6.0,3.0,0,1.0,19.0,2.0,4.0,2.0
3895250,2024-02-23,Bundesliga,Bayer Leverkusen,FSV Mainz 05,9195,Robert Andrich,MID,Left Defensive Midfield,94.17,1,W,1.0,0.0,0.0063,0.1659,1.0,85.0,75.0,4.0,6.0,15.0,3.0,0,5.0,60.0,1.0,6.0,5.0
3895250,2024-02-23,Bundesliga,Bayer Leverkusen,FSV Mainz 05,10336,Alejandro Grimaldo García,DEF,Left Wing Back,94.17,1,W,0.0,0.0,0.1135,0.0811,3.0,65.0,49.0,2.0,2.0,15.0,5.0,0,0,44.0,1.0,4.0,4.0
3895250,2024-02-23,Bundesliga,Bayer Leverkusen,FSV Mainz 05,27133,Odilon Kossonou,DEF,Right Center Back,94.17,1,W,0,0.0,0,0.0299,0,75.0,66.0,13.0,2.0,3.0,1.0,1.0,0,56.0,0.0,1.0,13.0
3895250,2024-02-23,Bundesliga,Bayer Leverkusen,FSV Mainz 05,28239,Adam Hložek,MID,Right Attacking Midfield,4.97,0,W,0,0.0,0,0,0,2.0,2.0,0.0,0.0,2.0,0,0,0,3.0,0.0,0.0,0.0
3895250,2024-02-23,Bundesliga,Bayer Leverkusen,FSV Mainz 05,30606,Edmond Fayçal Tapsoba,DEF,Left Center Back,94.17,1,W,0.0,0.0,0.0603,0,2.0,90.0,79.0,17.0,11.0,5.0,6.0,2.0,0,77.0,2.0,6.0,17.0
3895250,2024-02-23,Bundesliga,Bayer Leverkusen,FSV Mainz 05,32712,Jeremie Frimpong,DEF,Right Wing Back,82.47,1,W,0.0,0.0,0.1492,0.1791,1.0,43.0,38.0,2.0,1.0,12.0,5.0,1.0,1.0,46.0,5.0,2.0,3.0
3895250,2024-02-23,Bundesliga,Bayer Leverkusen,FSV Mainz 05,33401,Amine Adli,FWD,Center Forward,82.35,1,W,0.0,0.0,0.0458,0,1.0,29.0,24.0,2.0,1.0,27.0,3.0,0,0,23.0,0.0,2.0,2.0
3895250,2024-02-23,Bundesliga,Bayer Leverkusen,FSV Mainz 05,38004,Piero Martín Hincapié Reyna,MID,Right Attacking Midfield,11.82,0,W,0,0.0,0,0,0,12.0,11.0,1.0,2.0,3.0,0,0,1.0,9.0,1.0,1.0,1.0
3895250,2024-02-23,Bundesliga,Bayer Leverkusen,FSV Mainz 05,40724,Florian Wirtz,MID,Left Attacking Midfield,89.2,1,W,0.0,1.0,0.1327,0.0685,3.0,71.0,57.0,6.0,4.0,13.0,5.0,1.0,1.0,62.0,1.0,5.0,9.0
3895250,2024-02-23,Bundesliga,Bayer Leverkusen,FSV Mainz 05,41411,Nathan Tella,DEF,Right Wing Back,11.7,0,W,0,0.0,0,0,0,4.0,3.0,0.0,0.0,4.0,0,0,0,3.0,2.0,0.0,0.0
3895258,2024-03-03,Bundesliga,Bayer Leverkusen,FC Köln,3500,Granit Xhaka,MID,Right Defensive Midfield,81.58,1,W,0,0.0,0,0.0488,0,111.0,104.0,25.0,23.0,3.0,3.0,0,0,99.0,2.0,12.0,26.0
3895258,2024-03-03,Bundesliga,Bayer Leverkusen,FC Köln,7044,Patrik Schick,FWD,Center Forward,64.48,1,W,0.0,0.0,0.1207,0.0947,2.0,7.0,5.0,0.0,0.0,13.0,1.0,1.0,2.0,9.0,1.0,0.0,1.0
3895258,2024-03-03,Bundesliga,Bayer Leverkusen,FC Köln,8221,Jonathan Tah,DEF,Center Back,92.97,1,W,0,0.0,0,0,0,120.0,115.0,28.0,22.0,6.0,5.0,1.0,0,104.0,4.0,13.0,28.0
3895258,2024-03-03,Bundesliga,Bayer Leverkusen,FC Köln,8667,Lukáš Hrádecký,GK,Goalkeeper,92.97,1,W,0,0.0,0,0,0,19.0,18.0,1.0,0.0,0,1.0,0,0,10.0,0.0,0.0,1.0
3895258,2024-03-03,Bundesliga,Bayer Leverkusen,FC Köln,8804,Jonas Hofmann,MID,Right Attacking Midfield,64.4,1,W,0.0,0.0,0.0947,0.0734,1.0,46.0,38.0,5.0,4.0,12.0,1.0,0,2.0,34.0,1.0,3.0,8.0
3895258,2024-03-03,Bundesliga,Bayer Leverkusen,FC Köln,9195,Robert Andrich,MID,Left Defensive Midfield,92.97,1,W,0,0.0,0,0.028,0,85.0,78.0,7.0,6.0,8.0,5.0,1.0,1.0,68.0,5.0,6.0,8.0
3895258,2024-03-03,Bundesliga,Bayer Leverkusen,FC Köln,10336,Alejandro Grimaldo García,DEF,Left Wing Back,92.97,1,W,1.0,0.0,0.2653,0.1392,7.0,94.0,83.0,12.0,2.0,11.0,5.0,2.0,0,78.0,6.0,8.0,14.0
3895258,2024-03-03,Bundesliga,Bayer Leverkusen,FC Köln,11391,Borja Iglesias Quintas,FWD,Center Forward,28.48,0,W,0,0.0,0,0,0,10.0,8.0,0.0,0.0,10.0,0,0,0,11.0,0.0,0.0,0.0
3895258,2024-03-03,Bundesliga,Bayer Leverkusen,FC Köln,28268,Exequiel Alejandro Palacios,MID,Right Defensive Midfield,11.38,0,W,0,0.0,0,0,0,19.0,18.0,6.0,4.0,4.0,0,0,0,18.0,1.0,4.0,6.0
3895258,2024-03-03,Bundesliga,Bayer Leverkusen,FC Köln,30606,Edmond Fayçal Tapsoba,DEF,Left Center Back,14.82,0,W,0,0.0,0,0,0,24.0,24.0,5.0,4.0,1.0,2.0,0,0,19.0,1.0,0.0,5.0
3895258,2024-03-03,Bundesliga,Bayer Leverkusen,FC Köln,32712,Jeremie Frimpong,DEF,Right Wing Back,45.0,1,W,1.0,0.0,0.6359,0,2.0,27.0,21.0,1.0,0.0,6.0,4.0,0,2.0,25.0,3.0,2.0,1.0
3895258,2024-03-03,Bundesliga,Bayer Leverkusen,FC Köln,33401,Amine Adli,MID,Right Attacking Midfield,28.57,0,W,0,1.0,0,0.135,0,25.0,22.0,0.0,2.0,5.0,1.0,0,0,26.0,1.0,0.0,2.0
3895258,2024-03-03,Bundesliga,Bayer Leverkusen,FC Köln,38004,Piero Martín Hincapié Reyna,DEF,Left Center Back,78.15,1,W,0,0.0,0,0,0,92.0,91.0,21.0,12.0,3.0,3.0,2.0,1.0,74.0,1.0,8.0,21.0
3895258,2024-03-03,Bundesliga,Bayer Leverkusen,FC Köln,40724,Florian Wirtz,MID,Left Attacking Midfield,92.97,1,W,0.0,0.0,0.1206,0.0401,4.0,68.0,52.0,10.0,4.0,19.0,2.0,1.0,2.0,66.0,3.0,8.0,11.0
3895258,2024-03-03,Bundesliga,Bayer Leverkusen,FC Köln,41411,Nathan Tella,DEF,Right Wing Back,47.97,0,W,0.0,0.0,0.0562,0,1.0,32.0,26.0,2.0,0.0,9.0,2.0,0,0,30.0,2.0,1.0,2.0
3895258,2024-03-03,Bundesliga,Bayer Leverkusen,FC Köln,49337,Josip Stanišić,DEF,Right Center Back,92.97,1,W,0,0.0,0,0.0325,0,95.0,89.0,11.0,14.0,12.0,2.0,0,2.0,79.0,6.0,7.0,12.0
3895266,2024-03-10,Bundesliga,Bayer Leverkusen,Wolfsburg,3500,Granit Xhaka,MID,Right Defensive Midfield,90.07,1,W,0.0,0.0,0.0433,0.2179,2.0,167.0,161.0,32.0,26.0,7.0,5.0,0,1.0,148.0,2.0,15.0,33.0
3895266,2024-03-10,Bundesliga,Bayer Leverkusen,Wolfsburg,7044,Patrik Schick,FWD,Center Forward,75.52,1,W,0,0.0,0,0,0,11.0,7.0,0.0,0.0,16.0,1.0,1.0,0,13.0,1.0,0.0,0.0
3895266,2024-03-10,Bundesliga,Bayer Leverkusen,Wolfsburg,8221,Jonathan Tah,DEF,Center Back,90.07,1,W,0.0,0.0,0.055,0,2.0,91.0,88.0,15.0,10.0,3.0,2.0,0,0,70.0,2.0,3.0,15.0
3895266,2024-03-10,Bundesliga,Bayer Leverkusen,Wolfsburg,8667,Lukáš Hrádecký,GK,Goalkeeper,90.07,1,W,0,0.0,0,0,0,10.0,10.0,1.0,0.0,0,3.0,0,0,6.0,0.0,0.0,1.0
3895266,2024-03-10,Bundesliga,Bayer Leverkusen,Wolfsburg,8804,Jonas Hofmann,FWD,Right Wing,14.72,0,W,0.0,0.0,0.0061,0.0705,1.0,17.0,15.0,1.0,0.0,1.0,0,0,0,16.0,1.0,1.0,2.0
3895266,2024-03-10,Bundesliga,Bayer Leverkusen,Wolfsburg,10336,Alejandro Grimaldo García,DEF,Left Wing Back,90.07,1,W,0.0,1.0,0.0543,1.0466,2.0,93.0,80.0,14.0,8.0,5.0,4.0,0,0,76.0,3.0,5.0,17.0
3895266,2024-03-10,Bundesliga,Bayer Leverkusen,Wolfsburg,11391,Borja Iglesias Quintas,FWD,Center Forward,14.55,0,W,0.0,0.0,0.0938,0,1.0,3.0,2.0,0.0,0.0,3.0,0,0,0,5.0,0.0,0.0,0.0
3895266,2024-03-10,Bundesliga,Bayer Leverkusen,Wolfsburg,28268,Exequiel Alejandro Palacios,MID,Left Defensive Midfield,89.13,1,W,0.0,1.0,0.0918,0.1977,2.0,150.0,144.0,21.0,17.0,14.0,9.0,1.0,2.0,131.0,1.0,12.0,23.0
3895266,2024-03-10,Bundesliga,Bayer Leverkusen,Wolfsburg,30606,Edmond Fayçal Tapsoba,DEF,Right Center Back,90.07,1,W,0.0,0.0,0.0268,0.0217,1.0,99.0,95.0,18.0,12.0,6.0,9.0,0,1.0,92.0,8.0,7.0,19.0
3895266,2024-03-10,Bundesliga,Bayer Leverkusen,Wolfsburg,33401,Amine Adli,DEF,Left Back,31.6,0,W,0.0,0.0,0.1323,0.0083,2.0,26.0,24.0,1.0,2.0,5.0,1.0,0,0,25.0,1.0,1.0,2.0
3895266,2024-03-10,Bundesliga,Bayer Leverkusen,Wolfsburg,38004,Piero Martín Hincapié Reyna,DEF,Left Center Back,58.47,1,W,0.0,0.0,0.2274,0,1.0,64.0,56.0,4.0,2.0,6.0,2.0,1.0,0,54.0,1.0,2.0,4.0
3895266,2024-03-10,Bundesliga,Bayer Leverkusen,Wolfsburg,40724,Florian Wirtz,MID,Left Attacking Midfield,89.22,1,W,1.0,0.0,0.3375,0.0729,3.0,97.0,86.0,4.0,4.0,19.0,4.0,0,1.0,92.0,2.0,4.0,6.0
3895266,2024-03-10,Bundesliga,Bayer Leverkusen,Wolfsburg,41411,Nathan Tella,MID,Right Attacking Midfield,75.35,1,W,1.0,0.0,0.6906,0.0216,1.0,30.0,26.0,1.0,0.0,12.0,3.0,1.0,2.0,31.0,1.0,0.0,2.0
3895266,2024-03-10,Bundesliga,Bayer Leverkusen,Wolfsburg,49337,Josip Stanišić,DEF,Right Wing Back,90.07,1,W,0.0,0.0,0.0269,0.0268,1.0,81.0,74.0,3.0,1.0,13.0,3.0,0,2.0,68.0,4.0,0.0,4.0
3895275,2024-03-17,Bundesliga,Bayer Leverkusen,Freiburg,3500,Granit Xhaka,MID,Right Defensive Midfield,94.13,1,W,0.0,0.0,0.0365,0.0339,1.0,108.0,103.0,15.0,5.0,10.0,4.0,1.0,0,88.0,3.0,5.0,17.0
3895275,2024-03-17,Bundesliga,Bayer Leverkusen,Freiburg,7044,Patrik Schick,FWD,Center Forward,75.53,1,W,1.0,0.0,0.4108,0,2.0,18.0,15.0,2.0,0.0,9.0,2.0,0,0,20.0,4.0,1.0,2.0
3895275,2024-03-17,Bundesliga,Bayer Leverkusen,Freiburg,8221,Jonathan Tah,DEF,Center Back,94.13,1,W,0.0,0.0,0.147,0,2.0,92.0,89.0,10.0,2.0,9.0,3.0,0,0,76.0,1.0,1.0,10.0
3895275,2024-03-17,Bundesliga,Bayer Leverkusen,Freiburg,8667,Lukáš Hrádecký,GK,Goalkeeper,94.13,1,W,0,0.0,0,0,0,27.0,23.0,1.0,0.0,0,2.0,0,0,8.0,0.0,0.0,1.0
3895275,2024-03-17,Bundesliga,Bayer Leverkusen,Freiburg,9195,Robert Andrich,MID,Right Attacking Midfield,11.67,0,W,0,0.0,0,0,0,7.0,6.0,0.0,0.0,3.0,0,0,0,5.0,0.0,1.0,0.0
3895275,2024-03-17,Bundesliga,Bayer Leverkusen,Freiburg,10336,Alejandro Grimaldo García,DEF,Left Wing Back,94.13,1,W,0.0,1.0,0.1912,0.6895,3.0,63.0,53.0,5.0,3.0,9.0,6.0,1.0,1.0,47.0,1.0,4.0,7.0
3895275,2024-03-17,Bundesliga,Bayer Leverkusen,Freiburg,28239,Adam Hložek,MID,Right Attacking Midfield,82.47,1,W,1.0,0.0,1.0331,0,5.0,29.0,26.0,4.0,3.0,11.0,5.0,0,2.0,31.0,2.0,2.0,4.0
3895275,2024-03-17,Bundesliga,Bayer Leverkusen,Freiburg,28268,Exequiel Alejandro Palacios,MID,Left Defensive Midfield,88.92,1,W,0.0,0.0,0.1605,0,2.0,114.0,107.0,13.0,9.0,13.0,7.0,2.0,3.0,102.0,0.0,3.0,13.0
3895275,2024-03-17,Bundesliga,Bayer Leverkusen,Freiburg,30606,Edmond Fayçal Tapsoba,MID,Right Center Midfield,5.22,0,W,0,0.0,0,0,0,3.0,2.0,0.0,0.0,0,2.0,0,0,3.0,0.0,0.0,0.0
3895275,2024-03-17,Bundesliga,Bayer Leverkusen,Freiburg,32712,Jeremie Frimpong,DEF,Right Wing Back,82.35,1,W,0.0,1.0,0.0878,0.0644,1.0,31.0,27.0,1.0,0.0,8.0,2.0,0,0,35.0,7.0,1.0,2.0
3895275,2024-03-17,Bundesliga,Bayer Leverkusen,Freiburg,33401,Amine Adli,FWD,Center Forward,18.6,0,W,0,0.0,0,0,0,7.0,6.0,0.0,0.0,13.0,2.0,0,0,6.0,0.0,0.0,0.0
3895275,2024-03-17,Bundesliga,Bayer Leverkusen,Freiburg,38004,Piero Martín Hincapié Reyna,DEF,Left Center Back,94.13,1,W,0.0,0.0,0.0087,0,1.0,95.0,90.0,11.0,6.0,10.0,3.0,0,2.0,81.0,7.0,4.0,11.0
3895275,2024-03-17,Bundesliga,Bayer Leverkusen,Freiburg,40724,Florian Wirtz,MID,Left Attacking Midfield,94.13,1,W,1.0,0.0,0.5207,0.2581,2.0,82.0,67.0,7.0,4.0,22.0,7.0,1.0,4.0,77.0,2.0,6.0,9.0
3895275,2024-03-17,Bundesliga,Bayer Leverkusen,Freiburg,41411,Nathan Tella,DEF,Right Wing Back,11.78,0,W,0,0.0,0,0.0588,0,3.0,3.0,0.0,0.0,4.0,2.0,0,1.0,4.0,1.0,0.0,1.0
3895275,2024-03-17,Bundesliga,Bayer Leverkusen,Freiburg,49337,Josip Stanišić,DEF,Right Center Back,94.13,1,W,0,0.0,0,0,0,85.0,77.0,11.0,8.0,8.0,2.0,1.0,1.0,75.0,4.0,3.0,11.0
3895286,2024-03-30,Bundesliga,Bayer Leverkusen,Hoffenheim,3500,Granit Xhaka,MID,Left Defensive Midfield,96.18,1,W,0.0,0.0,0.1742,0.047,4.0,120.0,107.0,24.0,17.0,8.0,10.0,0,1.0,98.0,6.0,17.0,26.0
3895286,2024-03-30,Bundesliga,Bayer Leverkusen,Hoffenheim,7044,Patrik Schick,FWD,Center Forward,96.18,1,W,1.0,0.0,0.9355,0,5.0,9.0,7.0,0.0,0.0,14.0,0,0,0,5.0,0.0,0.0,0.0
3895286,2024-03-30,Bundesliga,Bayer Leverkusen,Hoffenheim,8221,Jonathan Tah,DEF,Center Back,96.18,1,W,0.0,1.0,0.0919,0.1301,2.0,93.0,90.0,13.0,14.0,8.0,7.0,2.0,0,68.0,1.0,4.0,14.0
3895286,2024-03-30,Bundesliga,Bayer Leverkusen,Hoffenheim,8667,Lukáš Hrádecký,GK,Goalkeeper,96.18,1,W,0,0.0,0,0,0,14.0,13.0,3.0,2.0,0,2.0,0,0,6.0,0.0,0.0,3.0
3895286,2024-03-30,Bundesliga,Bayer Leverkusen,Hoffenheim,8804,Jonas Hofmann,MID,Right Attacking Midfield,56.95,1,W,0.0,0.0,0.4468,0.1268,6.0,35.0,27.0,1.0,2.0,13.0,3.0,0,1.0,26.0,1.0,3.0,4.0
3895286,2024-03-30,Bundesliga,Bayer Leverkusen,Hoffenheim,9195,Robert Andrich,MID,Right Defensive Midfield,96.18,1,W,1.0,0.0,0.2848,0.0887,3.0,93.0,78.0,9.0,10.0,12.0,5.0,2.0,5.0,66.0,1.0,9.0,11.0
3895286,2024-03-30,Bundesliga,Bayer Leverkusen,Hoffenheim,10336,Alejandro Grimaldo García,DEF,Left Wing Back,96.18,1,W,0.0,0.0,0.1292,0.2053,4.0,88.0,72.0,10.0,4.0,10.0,6.0,3.0,1.0,66.0,4.0,10.0,12.0
3895286,2024-03-30,Bundesliga,Bayer Leverkusen,Hoffenheim,11391,Borja Iglesias Quintas,DEF,Left Center Back,23.63,0,W,0.0,0.0,0.1351,0.047,1.0,7.0,5.0,2.0,1.0,7.0,0,0,0,5.0,0.0,1.0,2.0
3895286,2024-03-30,Bundesliga,Bayer Leverkusen,Hoffenheim,30606,Edmond Fayçal Tapsoba,DEF,Right Center Back,85.88,1,W,0,0.0,0,0,0,76.0,68.0,10.0,12.0,12.0,4.0,3.0,1.0,61.0,5.0,6.0,10.0
3895286,2024-03-30,Bundesliga,Bayer Leverkusen,Hoffenheim,32712,Jeremie Frimpong,DEF,Right Wing Back,85.98,1,W,0.0,0.0,0.2605,0.361,3.0,41.0,33.0,5.0,3.0,16.0,10.0,0,0,37.0,7.0,4.0,7.0
3895286,2024-03-30,Bundesliga,Bayer Leverkusen,Hoffenheim,33401,Amine Adli,MID,Right Attacking Midfield,39.23,0,W,0.0,0.0,0.1258,0.4604,2.0,30.0,25.0,2.0,0.0,3.0,4.0,0,0,26.0,4.0,2.0,6.0
3895286,2024-03-30,Bundesliga,Bayer Leverkusen,Hoffenheim,38004,Piero Martín Hincapié Reyna,DEF,Left Center Back,72.55,1,W,0.0,0.0,0.0572,0,1.0,78.0,73.0,9.0,9.0,6.0,2.0,0,2.0,63.0,2.0,4.0,9.0
3895286,2024-03-30,Bundesliga,Bayer Leverkusen,Hoffenheim,40724,Florian Wirtz,MID,Left Attacking Midfield,96.18,1,W,0.0,0.0,0.1291,0.4325,3.0,91.0,74.0,7.0,2.0,18.0,8.0,0,2.0,79.0,5.0,10.0,12.0
3895286,2024-03-30,Bundesliga,Bayer Leverkusen,Hoffenheim,41411,Nathan Tella,DEF,Right Back,10.2,0,W,0,1.0,0,0.594,0,4.0,4.0,1.0,0.0,0,0,0,0,3.0,0.0,0.0,2.0
3895286,2024-03-30,Bundesliga,Bayer Leverkusen,Hoffenheim,49337,Josip Stanišić,DEF,Right Center Back,10.3,0,W,0,0.0,0,0,0,6.0,6.0,2.0,0.0,0,0,0,0,5.0,0.0,0.0,2.0
3895292,2024-04-06,Bundesliga,Bayer Leverkusen,Union Berlin,3500,Granit Xhaka,MID,Left Defensive Midfield,97.22,1,W,0.0,0.0,0.0424,0,1.0,92.0,83.0,16.0,14.0,3.0,5.0,1.0,0,76.0,2.0,13.0,16.0
3895292,2024-04-06,Bundesliga,Bayer Leverkusen,Union Berlin,8221,Jonathan Tah,DEF,Center Back,97.22,1,W,0.0,0.0,0.067,0.0849,1.0,93.0,86.0,12.0,6.0,10.0,4.0,2.0,1.0,80.0,1.0,4.0,12.0
3895292,2024-04-06,Bundesliga,Bayer Leverkusen,Union Berlin,8667,Lukáš Hrádecký,GK,Goalkeeper,97.22,1,W,0,0.0,0,0,0,25.0,24.0,0.0,0.0,0,3.0,0,0,15.0,0.0,0.0,0.0
3895292,2024-04-06,Bundesliga,Bayer Leverkusen,Union Berlin,9195,Robert Andrich,MID,Right Defensive Midfield,97.22,1,W,0.0,0.0,0.0985,0.3517,2.0,72.0,67.0,11.0,9.0,13.0,7.0,2.0,2.0,65.0,3.0,7.0,11.0
3895292,2024-04-06,Bundesliga,Bayer Leverkusen,Union Berlin,10336,Alejandro Grimaldo García,DEF,Left Wing Back,97.22,1,W,0.0,0.0,0.223,0.3011,3.0,91.0,71.0,9.0,3.0,11.0,3.0,0,3.0,71.0,3.0,2.0,12.0
3895292,2024-04-06,Bundesliga,Bayer Leverkusen,Union Berlin,11391,Borja Iglesias Quintas,FWD,Center Forward,66.17,1,W,0.0,0.0,0.2033,0,2.0,14.0,8.0,1.0,0.0,7.0,2.0,0,0,15.0,2.0,1.0,1.0
3895292,2024-04-06,Bundesliga,Bayer Leverkusen,Union Berlin,27133,Odilon Kossonou,DEF,Right Center Back,97.22,1,W,0,0.0,0,0.0283,0,67.0,64.0,15.0,11.0,11.0,5.0,2.0,0,56.0,5.0,6.0,16.0
3895292,2024-04-06,Bundesliga,Bayer Leverkusen,Union Berlin,28239,Adam Hložek,MID,Left Attacking Midfield,31.97,1,W,0.0,0.0,0.0176,0,1.0,12.0,11.0,2.0,0.0,3.0,2.0,0,1.0,11.0,1.0,1.0,2.0
3895292,2024-04-06,Bundesliga,Bayer Leverkusen,Union Berlin,32289,Victor Okoh Boniface,FWD,Center Forward,31.05,0,W,0,0.0,0,0.0559,0,9.0,8.0,0.0,0.0,9.0,0,1.0,0,9.0,1.0,0.0,1.0
3895292,2024-04-06,Bundesliga,Bayer Leverkusen,Union Berlin,32712,Jeremie Frimpong,DEF,Right Wing Back,18.67,0,W,0.0,0.0,0.184,0,2.0,9.0,8.0,0.0,0.0,3.0,1.0,0,1.0,13.0,1.0,0.0,0.0
3895292,2024-04-06,Bundesliga,Bayer Leverkusen,Union Berlin,33401,Amine Adli,MID,Left Attacking Midfield,65.25,0,W,0.0,0.0,0.5065,0,2.0,29.0,22.0,2.0,0.0,20.0,2.0,0,2.0,23.0,1.0,0.0,2.0
3895292,2024-04-06,Bundesliga,Bayer Leverkusen,Union Berlin,38004,Piero Martín Hincapié Reyna,DEF,Left Center Back,97.22,1,W,0.0,0.0,0.1607,0,2.0,95.0,89.0,15.0,7.0,8.0,1.0,0,2.0,83.0,4.0,11.0,15.0
3895292,2024-04-06,Bundesliga,Bayer Leverkusen,Union Berlin,40724,Florian Wirtz,MID,Right Attacking Midfield,97.22,1,W,1.0,0.0,0.8417,0.3487,2.0,66.0,56.0,13.0,4.0,19.0,6.0,0,1.0,59.0,6.0,11.0,14.0
3895292,2024-04-06,Bundesliga,Bayer Leverkusen,Union Berlin,41411,Nathan Tella,DEF,Right Wing Back,78.55,1,W,0.0,0.0,0.219,0.2799,2.0,34.0,28.0,1.0,0.0,7.0,7.0,1.0,3.0,34.0,4.0,1.0,4.0
3895302,2024-04-14,Bundesliga,Bayer Leverkusen,Werder Bremen,3500,Granit Xhaka,MID,Right Defensive Midfield,76.78,1,W,1.0,0.0,0.1029,0,3.0,85.0,78.0,9.0,6.0,19.0,5.0,1.0,1.0,76.0,2.0,6.0,9.0
3895302,2024-04-14,Bundesliga,Bayer Leverkusen,Werder Bremen,7044,Patrik Schick,FWD,Center Forward,28.58,0,W,0.0,0.0,0.1093,0,1.0,6.0,4.0,1.0,2.0,9.0,1.0,0,0,7.0,0.0,0.0,1.0
3895302,2024-04-14,Bundesliga,Bayer Leverkusen,Werder Bremen,8221,Jonathan Tah,DEF,Center Back,90.0,1,W,0.0,0.0,0.1924,0,3.0,74.0,72.0,12.0,6.0,10.0,3.0,1.0,0,64.0,0.0,6.0,12.0
3895302,2024-04-14,Bundesliga,Bayer Leverkusen,Werder Bremen,8667,Lukáš Hrádecký,GK,Goalkeeper,90.0,1,W,0,0.0,0,0,0,24.0,21.0,0.0,0.0,0,3.0,0,0,19.0,0.0,0.0,0.0
3895302,2024-04-14,Bundesliga,Bayer Leverkusen,Werder Bremen,8804,Jonas Hofmann,MID,Right Attacking Midfield,90.0,1,W,0.0,0.0,0.0954,0.3842,1.0,46.0,37.0,3.0,1.0,38.0,4.0,0,0,36.0,1.0,4.0,8.0
3895302,2024-04-14,Bundesliga,Bayer Leverkusen,Werder Bremen,9195,Robert Andrich,MID,Left Defensive Midfield,90.0,1,W,0,1.0,0,0.0633,0,88.0,81.0,5.0,3.0,16.0,8.0,0,0,72.0,0.0,4.0,7.0
3895302,2024-04-14,Bundesliga,Bayer Leverkusen,Werder Bremen,10336,Alejandro Grimaldo García,DEF,Left Wing Back,14.05,0,W,0,1.0,0,0.29,0,10.0,10.0,1.0,1.0,2.0,1.0,0,2.0,8.0,1.0,1.0,1.0
3895302,2024-04-14,Bundesliga,Bayer Leverkusen,Werder Bremen,27133,Odilon Kossonou,DEF,Right Center Back,90.0,1,W,0,0.0,0,0,0,77.0,69.0,14.0,10.0,11.0,8.0,1.0,3.0,67.0,4.0,10.0,14.0
3895302,2024-04-14,Bundesliga,Bayer Leverkusen,Werder Bremen,28268,Exequiel Alejandro Palacios,MID,Left Defensive Midfield,13.22,0,W,0.0,1.0,0.0684,0.4383,1.0,17.0,17.0,2.0,2.0,6.0,1.0,0,0,17.0,0.0,0.0,2.0
3895302,2024-04-14,Bundesliga,Bayer Leverkusen,Werder Bremen,30606,Edmond Fayçal Tapsoba,DEF,Left Center Back,90.0,1,W,0.0,0.0,0.0676,0,1.0,87.0,81.0,13.0,11.0,15.0,6.0,1.0,3.0,70.0,6.0,4.0,13.0
3895302,2024-04-14,Bundesliga,Bayer Leverkusen,Werder Bremen,32289,Victor Okoh Boniface,FWD,Center Forward,61.42,1,W,1.0,1.0,1.1066,0.0315,2.0,15.0,11.0,1.0,0.0,18.0,2.0,0,0,14.0,1.0,1.0,2.0
3895302,2024-04-14,Bundesliga,Bayer Leverkusen,Werder Bremen,32712,Jeremie Frimpong,DEF,Right Wing Back,28.88,0,W,0.0,0.0,0.1735,0.1093,1.0,8.0,7.0,0.0,0.0,4.0,3.0,0,1.0,13.0,6.0,0.0,1.0
3895302,2024-04-14,Bundesliga,Bayer Leverkusen,Werder Bremen,33401,Amine Adli,MID,Left Attacking Midfield,45.0,1,W,0.0,0.0,0.0742,0,1.0,21.0,17.0,0.0,0.0,15.0,1.0,0,1.0,24.0,6.0,0.0,0.0
3895302,2024-04-14,Bundesliga,Bayer Leverkusen,Werder Bremen,38004,Piero Martín Hincapié Reyna,DEF,Left Wing Back,75.95,1,W,0.0,0.0,0.1434,0.0762,1.0,42.0,38.0,2.0,2.0,17.0,0,0,3.0,39.0,1.0,2.0,3.0
3895302,2024-04-14,Bundesliga,Bayer Leverkusen,Werder Bremen,40724,Florian Wirtz,MID,Left Attacking Midfield,45.0,0,W,3.0,0.0,0.8708,0.0684,5.0,27.0,25.0,2.0,1.0,20.0,4.0,2.0,0,32.0,4.0,0.0,3.0
3895302,2024-04-14,Bundesliga,Bayer Leverkusen,Werder Bremen,41411,Nathan Tella,DEF,Right Wing Back,61.12,1,W,0,0.0,0,0.1434,0,24.0,16.0,0.0,0.0,20.0,4.0,1.0,1.0,29.0,2.0,0.0,1.0
3895309,2024-04-21,Bundesliga,Bayer Leverkusen,Borussia Dortmund,3500,Granit Xhaka,MID,Right Defensive Midfield,98.8,1,D,0,0.0,0,0,0,67.0,61.0,10.0,9.0,9.0,2.0,1.0,2.0,50.0,2.0,8.0,10.0
3895309,2024-04-21,Bundesliga,Bayer Leverkusen,Borussia Dortmund,7044,Patrik Schick,FWD,Center Forward,15.55,0,D,0,0.0,0,0,0,1.0,1.0,0.0,0.0,0,0,0,0,3.0,0.0,0.0,0.0
3895309,2024-04-21,Bundesliga,Bayer Leverkusen,Borussia Dortmund,8221,Jonathan Tah,DEF,Center Back,98.8,1,D,0,0.0,0,0,0,57.0,53.0,8.0,4.0,6.0,3.0,0,1.0,47.0,0.0,2.0,8.0
3895309,2024-04-21,Bundesliga,Bayer Leverkusen,Borussia Dortmund,8667,Lukáš Hrádecký,GK,Goalkeeper,98.8,1,D,0,0.0,0,0,0,22.0,19.0,0.0,0.0,0,5.0,0,0,17.0,0.0,0.0,0.0
3895309,2024-04-21,Bundesliga,Bayer Leverkusen,Borussia Dortmund,8804,Jonas Hofmann,FWD,Center Forward,83.25,1,D,0.0,0.0,0.0175,0.7701,1.0,37.0,27.0,4.0,3.0,24.0,2.0,1.0,1.0,32.0,3.0,5.0,7.0
3895309,2024-04-21,Bundesliga,Bayer Leverkusen,Borussia Dortmund,9195,Robert Andrich,MID,Left Defensive Midfield,98.8,1,D,0,0.0,0,0,0,50.0,44.0,5.0,4.0,16.0,3.0,0,0,34.0,0.0,3.0,5.0
3895309,2024-04-21,Bundesliga,Bayer Leverkusen,Borussia Dortmund,10336,Alejandro Grimaldo García,DEF,Left Wing Back,98.8,1,D,0.0,0.0,0.1378,0.0371,4.0,55.0,46.0,3.0,0.0,6.0,7.0,1.0,1.0,41.0,4.0,0.0,4.0
3895309,2024-04-21,Bundesliga,Bayer Leverkusen,Borussia Dortmund,30606,Edmond Fayçal Tapsoba,DEF,Right Center Back,98.8,1,D,0,0.0,0,0.0175,0,79.0,70.0,23.0,13.0,14.0,7.0,1.0,3.0,68.0,5.0,11.0,23.0
3895309,2024-04-21,Bundesliga,Bayer Leverkusen,Borussia Dortmund,32289,Victor Okoh Boniface,DEF,Left Center Back,15.57,0,D,0,0.0,0,0,0,1.0,1.0,1.0,0.0,0,2.0,0,0,2.0,2.0,0.0,1.0
3895309,2024-04-21,Bundesliga,Bayer Leverkusen,Borussia Dortmund,32712,Jeremie Frimpong,FWD,Right Wing,98.8,1,D,0.0,0.0,0.2926,0.0265,3.0,30.0,24.0,2.0,1.0,27.0,4.0,0,2.0,45.0,7.0,2.0,3.0
3895309,2024-04-21,Bundesliga,Bayer Leverkusen,Borussia Dortmund,38004,Piero Martín Hincapié Reyna,DEF,Left Center Back,83.23,1,D,0,0.0,0,0,0,72.0,67.0,7.0,4.0,18.0,1.0,0,4.0,60.0,0.0,1.0,7.0
3895309,2024-04-21,Bundesliga,Bayer Leverkusen,Borussia Dortmund,40724,Florian Wirtz,FWD,Left Wing,29.38,0,D,0,1.0,0,0.1165,0,16.0,9.0,2.0,1.0,6.0,2.0,0,0,14.0,2.0,3.0,3.0
3895309,2024-04-21,Bundesliga,Bayer Leverkusen,Borussia Dortmund,41411,Nathan Tella,FWD,Left Wing,69.42,1,D,0.0,0.0,0.7997,0.2705,4.0,17.0,14.0,1.0,1.0,13.0,3.0,0,2.0,25.0,4.0,1.0,2.0
3895309,2024-04-21,Bundesliga,Bayer Leverkusen,Borussia Dortmund,49337,Josip Stanišić,DEF,Right Wing Back,98.8,1,D,1.0,0.0,0.1165,0,1.0,60.0,51.0,6.0,3.0,12.0,9.0,1.0,3.0,51.0,5.0,4.0,6.0
3895320,2024-04-27,Bundesliga,Bayer Leverkusen,VfB Stuttgart,7044,Patrik Schick,FWD,Center Forward,73.12,1,D,0.0,0.0,0.4103,0,3.0,15.0,13.0,1.0,1.0,14.0,1.0,0,2.0,7.0,2.0,0.0,1.0
3895320,2024-04-27,Bundesliga,Bayer Leverkusen,VfB Stuttgart,8221,Jonathan Tah,DEF,Center Back,45.0,1,D,0,0.0,0,0,0,20.0,19.0,4.0,2.0,5.0,0,0,0,11.0,0.0,1.0,4.0
3895320,2024-04-27,Bundesliga,Bayer Leverkusen,VfB Stuttgart,8667,Lukáš Hrádecký,GK,Goalkeeper,97.73,1,D,0,0.0,0,0,0,24.0,16.0,0.0,0.0,0,3.0,0,0,15.0,0.0,0.0,0.0
3895320,2024-04-27,Bundesliga,Bayer Leverkusen,VfB Stuttgart,8804,Jonas Hofmann,MID,Right Attacking Midfield,73.05,1,D,0.0,0.0,0.1933,0.252,1.0,40.0,31.0,3.0,2.0,10.0,3.0,0,2.0,29.0,2.0,3.0,4.0
3895320,2024-04-27,Bundesliga,Bayer Leverkusen,VfB Stuttgart,9195,Robert Andrich,MID,Right Defensive Midfield,97.73,1,D,1.0,0.0,0.3138,0.2931,4.0,74.0,65.0,9.0,8.0,17.0,6.0,2.0,1.0,53.0,0.0,2.0,9.0
3895320,2024-04-27,Bundesliga,Bayer Leverkusen,VfB Stuttgart,10336,Alejandro Grimaldo García,DEF,Left Wing Back,88.15,1,D,0.0,1.0,0.3585,0.0601,2.0,40.0,29.0,5.0,0.0,5.0,4.0,1.0,0,26.0,2.0,4.0,6.0
3895320,2024-04-27,Bundesliga,Bayer Leverkusen,VfB Stuttgart,27133,Odilon Kossonou,DEF,Right Center Back,97.73,1,D,0,0.0,0,0.0569,0,65.0,56.0,10.0,5.0,8.0,7.0,0,1.0,52.0,3.0,4.0,11.0
3895320,2024-04-27,Bundesliga,Bayer Leverkusen,VfB Stuttgart,28268,Exequiel Alejandro Palacios,MID,Left Defensive Midfield,97.73,1,D,0,0.0,0,0.0839,0,60.0,52.0,6.0,3.0,21.0,9.0,1.0,4.0,44.0,0.0,2.0,8.0
3895320,2024-04-27,Bundesliga,Bayer Leverkusen,VfB Stuttgart,30606,Edmond Fayçal Tapsoba,DEF,Left Center Back,97.73,1,D,0.0,0.0,0.0347,0,1.0,56.0,44.0,10.0,5.0,14.0,10.0,1.0,2.0,38.0,2.0,6.0,10.0
3895320,2024-04-27,Bundesliga,Bayer Leverkusen,VfB Stuttgart,32289,Victor Okoh Boniface,FWD,Center Forward,24.62,0,D,0,0.0,0,0,0,7.0,2.0,0.0,1.0,6.0,0,0,0,6.0,1.0,0.0,0.0
3895320,2024-04-27,Bundesliga,Bayer Leverkusen,VfB Stuttgart,32712,Jeremie Frimpong,DEF,Right Wing Back,88.08,1,D,0.0,0.0,0.225,0,1.0,34.0,27.0,1.0,0.0,14.0,1.0,0,2.0,39.0,6.0,2.0,1.0
3895320,2024-04-27,Bundesliga,Bayer Leverkusen,VfB Stuttgart,33401,Amine Adli,MID,Left Attacking Midfield,97.73,1,D,1.0,0.0,0.1169,0,2.0,30.0,20.0,0.0,1.0,17.0,4.0,0,1.0,23.0,1.0,1.0,0.0
3895320,2024-04-27,Bundesliga,Bayer Leverkusen,VfB Stuttgart,38004,Piero Martín Hincapié Reyna,DEF,Center Back,52.73,0,D,0,0.0,0,0,0,32.0,26.0,3.0,0.0,7.0,5.0,0,1.0,23.0,2.0,0.0,3.0
3895320,2024-04-27,Bundesliga,Bayer Leverkusen,VfB Stuttgart,40724,Florian Wirtz,MID,Right Attacking Midfield,24.68,0,D,0,0.0,0,0,0,18.0,14.0,2.0,3.0,8.0,0,0,0,16.0,1.0,2.0,2.0
3895320,2024-04-27,Bundesliga,Bayer Leverkusen,VfB Stuttgart,41411,Nathan Tella,DEF,Right Wing Back,9.65,0,D,0,0.0,0,0,0,6.0,3.0,1.0,0.0,1.0,1.0,0,0,8.0,0.0,0.0,1.0
3895320,2024-04-27,Bundesliga,Bayer Leverkusen,VfB Stuttgart,49337,Josip Stanišić,DEF,Left Wing Back,9.58,0,D,0,0.0,0,0,0,9.0,8.0,2.0,1.0,1.0,1.0,0,0,8.0,1.0,1.0,2.0
3895333,2024-05-05,Bundesliga,Bayer Leverkusen,Eintracht Frankfurt,3500,Granit Xhaka,MID,Right Defensive Midfield,71.37,1,W,1.0,0.0,0.0572,0,2.0,43.0,38.0,6.0,7.0,10.0,3.0,0,0,30.0,0.0,5.0,6.0
3895333,2024-05-05,Bundesliga,Bayer Leverkusen,Eintracht Frankfurt,7044,Patrik Schick,FWD,Center Forward,60.68,1,W,1.0,0.0,0.1958,0,1.0,11.0,9.0,1.0,0.0,9.0,0,0,0,8.0,0.0,0.0,1.0
3895333,2024-05-05,Bundesliga,Bayer Leverkusen,Eintracht Frankfurt,8221,Jonathan Tah,MID,Right Defensive Midfield,23.62,0,W,0,0.0,0,0,0,4.0,4.0,0.0,0.0,1.0,0,1.0,0,2.0,0.0,0.0,0.0
3895333,2024-05-05,Bundesliga,Bayer Leverkusen,Eintracht Frankfurt,8667,Lukáš Hrádecký,GK,Goalkeeper,94.98,1,W,0,0.0,0,0,0,34.0,25.0,2.0,0.0,0,2.0,0,0,19.0,0.0,0.0,2.0
3895333,2024-05-05,Bundesliga,Bayer Leverkusen,Eintracht Frankfurt,8804,Jonas Hofmann,MID,Right Attacking Midfield,94.98,1,W,0.0,0.0,0.093,0.1943,2.0,33.0,30.0,3.0,3.0,41.0,2.0,0,0,25.0,2.0,1.0,4.0
3895333,2024-05-05,Bundesliga,Bayer Leverkusen,Eintracht Frankfurt,9195,Robert Andrich,DEF,Center Back,82.32,1,W,0,0.0,0,0,0,61.0,56.0,11.0,6.0,8.0,3.0,1.0,2.0,41.0,1.0,4.0,11.0
3895333,2024-05-05,Bundesliga,Bayer Leverkusen,Eintracht Frankfurt,27133,Odilon Kossonou,DEF,Right Center Back,94.98,1,W,0,0.0,0,0.0523,0,46.0,39.0,5.0,1.0,9.0,0,2.0,0,35.0,2.0,3.0,6.0
3895333,2024-05-05,Bundesliga,Bayer Leverkusen,Eintracht Frankfurt,28239,Adam Hložek,MID,Left Attacking Midfield,94.98,1,W,0,2.0,0,0.6743,0,17.0,17.0,0.0,0.0,13.0,2.0,0,0,20.0,0.0,0.0,2.0
3895333,2024-05-05,Bundesliga,Bayer Leverkusen,Eintracht Frankfurt,28268,Exequiel Alejandro Palacios,MID,Left Defensive Midfield,94.98,1,W,1.0,0.0,0.9778,0,2.0,52.0,44.0,4.0,4.0,21.0,5.0,0,1.0,48.0,0.0,2.0,4.0
3895333,2024-05-05,Bundesliga,Bayer Leverkusen,Eintracht Frankfurt,30606,Edmond Fayçal Tapsoba,DEF,Left Center Back,94.98,1,W,0,0.0,0,0,0,56.0,51.0,12.0,4.0,4.0,3.0,1.0,1.0,41.0,4.0,2.0,12.0
3895333,2024-05-05,Bundesliga,Bayer Leverkusen,Eintracht Frankfurt,32289,Victor Okoh Boniface,FWD,Center Forward,34.3,0,W,1.0,0.0,0.7835,0,1.0,6.0,4.0,0.0,0.0,7.0,1.0,0,0,7.0,2.0,0.0,0.0
3895333,2024-05-05,Bundesliga,Bayer Leverkusen,Eintracht Frankfurt,32712,Jeremie Frimpong,DEF,Right Wing Back,23.03,0,W,1.0,0.0,0.4785,0,1.0,2.0,0.0,0.0,0.0,5.0,0,0,0,2.0,2.0,1.0,0.0
3895333,2024-05-05,Bundesliga,Bayer Leverkusen,Eintracht Frankfurt,38004,Piero Martín Hincapié Reyna,DEF,Left Wing Back,34.33,0,W,0,0.0,0,0,0,14.0,10.0,0.0,0.0,10.0,2.0,1.0,2.0,10.0,0.0,0.0,0.0
3895333,2024-05-05,Bundesliga,Bayer Leverkusen,Eintracht Frankfurt,41411,Nathan Tella,DEF,Right Wing Back,71.95,1,W,0,0.0,0,0,0,18.0,10.0,1.0,0.0,12.0,3.0,0,2.0,25.0,1.0,1.0,1.0
3895333,2024-05-05,Bundesliga,Bayer Leverkusen,Eintracht Frankfurt,196651,Arthur Augusto de Matos Soares,DEF,Left Wing Back,60.65,1,W,0,0.0,0,0.0407,0,41.0,33.0,3.0,1.0,4.0,0,0,1.0,37.0,4.0,3.0,4.0
3895333,2024-05-05,Bundesliga,Bayer Leverkusen,Eintracht Frankfurt,261630,Gustavo Adolfo Puerta Molano,MID,Right Defensive Midfield,12.67,0,W,0,0.0,0,0,0,3.0,3.0,1.0,0.0,3.0,0,0,0,4.0,0.0,0.0,1.0
3895340,2024-05-12,Bundesliga,Bayer Leverkusen,Bochum,3500,Granit Xhaka,MID,Left Defensive Midfield,78.73,1,W,0.0,0.0,0.1441,0.1373,3.0,86.0,79.0,18.0,5.0,1.0,4.0,0,0,77.0,1.0,12.0,19.0
3895340,2024-05-12,Bundesliga,Bayer Leverkusen,Bochum,7044,Patrik Schick,FWD,Center Forward,68.63,1,W,1.0,0.0,0.3799,0,5.0,13.0,13.0,1.0,0.0,7.0,1.0,0,2.0,20.0,0.0,0.0,1.0
3895340,2024-05-12,Bundesliga,Bayer Leverkusen,Bochum,8221,Jonathan Tah,DEF,Center Back,94.08,1,W,0.0,0.0,0.0259,0,1.0,73.0,68.0,15.0,11.0,1.0,7.0,1.0,2.0,65.0,3.0,8.0,15.0
3895340,2024-05-12,Bundesliga,Bayer Leverkusen,Bochum,8667,Lukáš Hrádecký,GK,Goalkeeper,94.08,1,W,0,0.0,0,0,0,31.0,24.0,2.0,0.0,0,8.0,0,0,18.0,0.0,0.0,2.0
3895340,2024-05-12,Bundesliga,Bayer Leverkusen,Bochum,8804,Jonas Hofmann,DEF,Right Center Back,30.9,0,W,0.0,1.0,0.6388,0.8419,2.0,18.0,15.0,1.0,1.0,5.0,1.0,0,0,11.0,3.0,2.0,6.0
3895340,2024-05-12,Bundesliga,Bayer Leverkusen,Bochum,9195,Robert Andrich,MID,Right Defensive Midfield,94.08,1,W,0.0,0.0,0.0971,0.3431,2.0,70.0,61.0,5.0,3.0,5.0,5.0,2.0,0,54.0,0.0,4.0,9.0
3895340,2024-05-12,Bundesliga,Bayer Leverkusen,Bochum,10336,Alejandro Grimaldo García,DEF,Right Wing Back,14.97,0,W,1.0,0.0,0.8616,0.5318,1.0,17.0,12.0,2.0,0.0,2.0,0,0,0,15.0,0.0,3.0,3.0
3895340,2024-05-12,Bundesliga,Bayer Leverkusen,Bochum,11391,Borja Iglesias Quintas,FWD,Left Wing,25.65,0,W,0,0.0,0,0.107,0,4.0,4.0,1.0,0.0,4.0,0,0,0,5.0,0.0,0.0,2.0
3895340,2024-05-12,Bundesliga,Bayer Leverkusen,Bochum,27133,Odilon Kossonou,DEF,Right Center Back,63.18,1,W,0.0,0.0,0.0233,0.0388,1.0,58.0,53.0,8.0,3.0,1.0,2.0,0,0,54.0,3.0,4.0,9.0
3895340,2024-05-12,Bundesliga,Bayer Leverkusen,Bochum,30606,Edmond Fayçal Tapsoba,DEF,Left Center Back,94.08,1,W,0.0,0.0,0.1769,0.0233,2.0,105.0,95.0,24.0,20.0,6.0,2.0,1.0,2.0,93.0,10.0,11.0,25.0
3895340,2024-05-12,Bundesliga,Bayer Leverkusen,Bochum,32289,Victor Okoh Boniface,FWD,Left Wing,68.43,1,W,1.0,0.0,1.0764,0,4.0,14.0,12.0,1.0,0.0,9.0,1.0,0,0,15.0,0.0,1.0,1.0
3895340,2024-05-12,Bundesliga,Bayer Leverkusen,Bochum,33401,Amine Adli,FWD,Center Forward,25.45,0,W,1.0,0.0,0.8022,0,5.0,13.0,12.0,3.0,2.0,6.0,4.0,0,1.0,13.0,1.0,1.0,3.0
3895340,2024-05-12,Bundesliga,Bayer Leverkusen,Bochum,41411,Nathan Tella,FWD,Right Wing,79.12,1,W,0,0.0,0,0,0,24.0,24.0,2.0,0.0,9.0,2.0,0,2.0,27.0,2.0,1.0,2.0
3895340,2024-05-12,Bundesliga,Bayer Leverkusen,Bochum,49337,Josip Stanišić,DEF,Right Wing Back,94.08,1,W,1.0,1.0,0.0437,0.8981,1.0,59.0,52.0,4.0,2.0,7.0,9.0,1.0,3.0,52.0,2.0,4.0,6.0
3895340,2024-05-12,Bundesliga,Bayer Leverkusen,Bochum,196651,Arthur Augusto de Matos Soares,DEF,Left Wing Back,94.08,1,W,0.0,2.0,0.011,0.1828,1.0,45.0,41.0,5.0,0.0,6.0,3.0,1.0,1.0,40.0,2.0,4.0,8.0
3895340,2024-05-12,Bundesliga,Bayer Leverkusen,Bochum,261630,Gustavo Adolfo Puerta Molano,MID,Left Defensive Midfield,15.35,0,W,0.0,0.0,0.0207,0.0283,1.0,15.0,15.0,5.0,4.0,4.0,1.0,0,0,13.0,1.0,2.0,5.0
3895348,2024-05-18,Bundesliga,Bayer Leverkusen,Augsburg,3500,Granit Xhaka,MID,Right Defensive Midfield,24.43,0,W,0.0,0.0,0.0927,0.0301,2.0,31.0,28.0,4.0,7.0,2.0,5.0,0,0,29.0,1.0,2.0,5.0
3895348,2024-05-18,Bundesliga,Bayer Leverkusen,Augsburg,7044,Patrik Schick,FWD,Center Forward,31.1,0,W,0.0,0.0,0.2306,0,2.0,5.0,5.0,0.0,0.0,2.0,0,0,0,6.0,0.0,0.0,0.0
3895348,2024-05-18,Bundesliga,Bayer Leverkusen,Augsburg,8221,Jonathan Tah,DEF,Center Back,93.42,1,W,0.0,0.0,0.0513,0,1.0,85.0,80.0,15.0,5.0,8.0,4.0,3.0,0,76.0,1.0,3.0,15.0
3895348,2024-05-18,Bundesliga,Bayer Leverkusen,Augsburg,8667,Lukáš Hrádecký,GK,Goalkeeper,93.42,1,W,0,0.0,0,0,0,23.0,22.0,1.0,0.0,0,3.0,0,0,17.0,0.0,0.0,1.0
3895348,2024-05-18,Bundesliga,Bayer Leverkusen,Augsburg,8804,Jonas Hofmann,MID,Right Attacking Midfield,93.42,1,W,0.0,0.0,0.1929,0.1623,4.0,66.0,57.0,9.0,6.0,13.0,3.0,0,0,60.0,3.0,3.0,11.0
3895348,2024-05-18,Bundesliga,Bayer Leverkusen,Augsburg,9195,Robert Andrich,MID,Right Defensive Midfield,93.42,1,W,1.0,0.0,0.4495,0.0935,4.0,91.0,86.0,8.0,7.0,14.0,6.0,0,3.0,88.0,1.0,4.0,10.0
3895348,2024-05-18,Bundesliga,Bayer Leverkusen,Augsburg,10336,Alejandro Grimaldo García,DEF,Left Wing Back,69.03,1,W,0,0.0,0,0.0513,0,46.0,38.0,1.0,0.0,6.0,1.0,0,2.0,36.0,0.0,1.0,2.0
3895348,2024-05-18,Bundesliga,Bayer Leverkusen,Augsburg,27133,Odilon Kossonou,DEF,Right Center Back,93.42,1,W,0,0.0,0,0,0,117.0,115.0,28.0,17.0,7.0,8.0,1.0,2.0,105.0,16.0,13.0,28.0
3895348,2024-05-18,Bundesliga,Bayer Leverkusen,Augsburg,28268,Exequiel Alejandro Palacios,MID,Left Defensive Midfield,68.98,1,W,0,0.0,0,0.0243,0,72.0,65.0,4.0,4.0,16.0,3.0,3.0,2.0,67.0,1.0,4.0,5.0
3895348,2024-05-18,Bundesliga,Bayer Leverkusen,Augsburg,30606,Edmond Fayçal Tapsoba,DEF,Left Center Back,93.42,1,W,0,0.0,0,0,0,100.0,92.0,18.0,10.0,13.0,5.0,1.0,1.0,84.0,2.0,6.0,18.0
3895348,2024-05-18,Bundesliga,Bayer Leverkusen,Augsburg,32289,Victor Okoh Boniface,FWD,Center Forward,62.32,1,W,1.0,0.0,0.8075,0,2.0,19.0,15.0,1.0,0.0,7.0,1.0,0,0,25.0,1.0,1.0,1.0
3895348,2024-05-18,Bundesliga,Bayer Leverkusen,Augsburg,32712,Jeremie Frimpong,DEF,Right Wing Back,81.98,1,W,0.0,0.0,0.0815,0.2297,1.0,40.0,32.0,0.0,0.0,6.0,5.0,1.0,0,41.0,7.0,1.0,2.0
3895348,2024-05-18,Bundesliga,Bayer Leverkusen,Augsburg,33401,Amine Adli,MID,Left Attacking Midfield,62.27,1,W,0.0,1.0,0.0589,0.8219,1.0,36.0,31.0,4.0,3.0,16.0,3.0,0,2.0,38.0,2.0,2.0,6.0
3895348,2024-05-18,Bundesliga,Bayer Leverkusen,Augsburg,38004,Piero Martín Hincapié Reyna,DEF,Left Wing Back,24.38,0,W,0,0.0,0,0,0,15.0,12.0,1.0,0.0,3.0,0,0,0,12.0,0.0,1.0,1.0
3895348,2024-05-18,Bundesliga,Bayer Leverkusen,Augsburg,40724,Florian Wirtz,MID,Left Attacking Midfield,31.15,0,W,0.0,0.0,0.2,0.1162,3.0,14.0,13.0,2.0,0.0,9.0,3.0,0,1.0,22.0,3.0,2.0,4.0
3895348,2024-05-18,Bundesliga,Bayer Leverkusen,Augsburg,49337,Josip Stanišić,DEF,Right Wing Back,11.43,0,W,0,0.0,0,0.108,0,11.0,10.0,1.0,0.0,0,0,0,0,10.0,1.0,1.0,2.0
